0,1,2,3,4,5,6,7,8,9,10,11,12,13,14,15,16,17,18,19,20,21,22,23,24,25
0.0,0.0,0.0,0.0,0.0,1.0,1.0,0.0,0.0,0.0,0.0,0.0,1.0,0.0,0.0,0.0,1.0,0.0,0.0,1.0,-1.4382150054130662,0.43915700544091263,-0.654523102997609,1.7806266882245982,0.22158331271637077,1.4726932923304372
0.0,1.0,0.0,0.0,0.0,0.0,1.0,0.0,0.0,0.0,0.0,0.0,0.0,0.0,0.0,1.0,0.0,1.0,1.0,0.0,0.6953063319712655,0.43915700544091263,0.6662785923613255,1.1861906062994831,0.5537140364477258,-0.21758364818025644
0.0,0.0,0.0,0.0,0.0,1.0,0.0,1.0,0.0,0.0,0.0,0.0,1.0,0.0,0.0,0.0,1.0,0.0,1.0,0.0,0.6953063319712655,0.43915700544091263,-0.654523102997609,1.1861906062994831,0.6508812786489558,2.4512746789418918
0.0,0.0,0.0,0.0,0.0,1.0,0.0,1.0,0.0,0.0,0.0,0.0,0.0,0.0,0.0,1.0,0.0,1.0,1.0,0.0,0.6953063319712655,-1.3166147511403041,-0.654523102997609,1.1861906062994831,1.234287497627119,0.31618801724417317
0.0,0.0,1.0,0.0,0.0,0.0,0.0,0.0,1.0,0.0,0.0,0.0,0.0,1.0,0.0,0.0,1.0,0.0,1.0,0.0,0.6953063319712655,-0.4387288728496957,0.6662785923613255,-0.0026815575507474062,-1.4160371384237913,-0.3065455924176614
0.0,0.0,0.0,0.0,0.0,1.0,0.0,0.0,0.0,1.0,0.0,1.0,0.0,0.0,0.0,0.0,1.0,0.0,1.0,0.0,0.6953063319712655,-0.4387288728496957,-0.654523102997609,-0.5971176394758626,-0.8473570429398561,0.4051499614815781
0.0,1.0,0.0,0.0,0.0,0.0,1.0,0.0,0.0,0.0,0.0,0.0,0.0,0.0,0.0,1.0,0.0,1.0,0.0,1.0,0.6953063319712655,0.43915700544091263,0.6662785923613255,1.1861906062994831,-0.010737018442995237,-0.21758364818025644
1.0,0.0,0.0,0.0,0.0,0.0,1.0,0.0,0.0,0.0,0.0,0.0,0.0,0.0,1.0,0.0,0.0,1.0,1.0,0.0,0.6953063319712655,1.317042883731521,1.9870802877202598,1.1861906062994831,0.5359168239512828,-0.21758364818025644
0.0,0.0,1.0,0.0,0.0,0.0,0.0,0.0,0.0,0.0,1.0,0.0,0.0,1.0,0.0,0.0,0.0,1.0,0.0,1.0,0.6953063319712655,-0.4387288728496957,1.9870802877202598,1.1861906062994831,-1.6263312164935002,-0.3955075366550663
0.0,0.0,0.0,1.0,0.0,0.0,1.0,0.0,0.0,0.0,0.0,0.0,0.0,0.0,0.0,1.0,1.0,0.0,1.0,0.0,0.6953063319712655,-0.4387288728496957,0.005877744681858218,-0.5971176394758626,-0.802121412308869,-1.0182411463169008
0.0,1.0,0.0,0.0,0.0,0.0,0.0,0.0,1.0,0.0,0.0,0.0,0.0,0.0,1.0,0.0,1.0,0.0,0.0,1.0,0.6953063319712655,-0.4387288728496957,0.005877744681858218,-0.0026815575507474062,0.45931580892062396,0.583073849956388
0.0,1.0,0.0,0.0,0.0,0.0,0.0,0.0,0.0,1.0,0.0,0.0,0.0,0.0,1.0,0.0,1.0,0.0,1.0,0.0,0.6953063319712655,0.43915700544091263,-0.654523102997609,0.5917545243743678,-0.011089438492429752,0.49411190571898306
0.0,0.0,0.0,0.0,0.0,1.0,0.0,0.0,1.0,0.0,0.0,0.0,0.0,0.0,0.0,1.0,0.0,1.0,1.0,0.0,0.6953063319712655,0.43915700544091263,-0.654523102997609,-0.0026815575507474062,-0.6545329301778295,0.49411190571898306
0.0,1.0,0.0,0.0,0.0,0.0,0.0,0.0,1.0,0.0,0.0,0.0,0.0,0.0,1.0,0.0,1.0,0.0,1.0,0.0,0.6953063319712655,0.43915700544091263,-0.654523102997609,1.1861906062994831,-0.4317279403531954,1.1168455153808177
0.0,0.0,0.0,0.0,0.0,1.0,0.0,0.0,0.0,1.0,0.0,0.0,0.0,0.0,0.0,1.0,1.0,0.0,0.0,1.0,0.6953063319712655,-0.4387288728496957,-0.654523102997609,-1.191553721400978,-1.0374624867491022,-1.5520128117413305
0.0,0.0,0.0,0.0,0.0,1.0,0.0,1.0,0.0,0.0,0.0,0.0,0.0,0.0,1.0,0.0,1.0,0.0,1.0,0.0,0.6953063319712655,-1.3166147511403041,-0.654523102997609,-1.191553721400978,0.20934930242885838,-0.3955075366550663
0.0,0.0,0.0,0.0,0.0,1.0,0.0,1.0,0.0,0.0,0.0,0.0,0.0,0.0,0.0,1.0,0.0,1.0,1.0,0.0,0.6953063319712655,-1.3166147511403041,-0.654523102997609,1.1861906062994831,0.8943783599475308,0.22722607300676823
0.0,0.0,0.0,0.0,0.0,1.0,0.0,0.0,0.0,0.0,1.0,0.0,0.0,0.0,0.0,1.0,0.0,1.0,0.0,1.0,0.6953063319712655,0.43915700544091263,-0.654523102997609,-0.0026815575507474062,0.1308351499869836,0.4051499614815781
1.0,0.0,0.0,0.0,0.0,0.0,0.0,0.0,0.0,1.0,0.0,0.0,1.0,0.0,0.0,0.0,1.0,0.0,0.0,1.0,0.6953063319712655,1.317042883731521,2.647481135399727,1.7806266882245982,1.628544841501644,-1.0182411463169008
0.0,0.0,1.0,0.0,0.0,0.0,0.0,0.0,0.0,1.0,0.0,1.0,0.0,0.0,0.0,0.0,1.0,0.0,0.0,1.0,0.6953063319712655,0.43915700544091263,0.6662785923613255,-0.0026815575507474062,-0.891736796307931,-0.21758364818025644
0.0,0.0,0.0,0.0,1.0,0.0,0.0,0.0,0.0,0.0,1.0,0.0,0.0,1.0,0.0,0.0,0.0,1.0,1.0,0.0,0.6953063319712655,0.43915700544091263,-0.654523102997609,-1.191553721400978,-1.1782291236375164,-1.0182411463169008
0.0,0.0,0.0,1.0,0.0,0.0,1.0,0.0,0.0,0.0,0.0,0.0,0.0,0.0,0.0,1.0,0.0,1.0,1.0,0.0,0.6953063319712655,-1.3166147511403041,-0.654523102997609,-0.5971176394758626,-0.4223636361825069,-0.1286217039428515
1.0,0.0,0.0,0.0,0.0,0.0,0.0,0.0,0.0,0.0,1.0,0.0,0.0,0.0,1.0,0.0,0.0,1.0,1.0,0.0,0.6953063319712655,2.1949287620221294,2.647481135399727,1.7806266882245982,1.7610547800890208,-1.0182411463169008
0.0,0.0,0.0,0.0,0.0,1.0,0.0,1.0,0.0,0.0,0.0,0.0,0.0,0.0,0.0,1.0,0.0,1.0,1.0,0.0,0.6953063319712655,-1.3166147511403041,-0.654523102997609,-1.191553721400978,0.8588846263973405,-0.3955075366550663
0.0,0.0,0.0,0.0,0.0,1.0,0.0,1.0,0.0,0.0,0.0,0.0,0.0,0.0,1.0,0.0,1.0,0.0,1.0,0.0,-1.4382150054130662,-1.3166147511403041,-0.654523102997609,1.7806266882245982,0.4049927755863611,-0.6623933693672811
0.0,0.0,0.0,0.0,0.0,1.0,0.0,1.0,0.0,0.0,0.0,0.0,1.0,0.0,0.0,0.0,0.0,1.0,0.0,1.0,0.6953063319712655,0.43915700544091263,-0.654523102997609,1.1861906062994831,1.1222682676282916,2.1843888462296768
0.0,0.0,0.0,0.0,0.0,1.0,1.0,0.0,0.0,0.0,0.0,0.0,0.0,0.0,0.0,1.0,0.0,1.0,1.0,0.0,0.6953063319712655,-0.4387288728496957,0.005877744681858218,-0.5971176394758626,-0.4886689511975432,-0.751355313604686
0.0,1.0,0.0,0.0,0.0,0.0,0.0,0.0,0.0,1.0,0.0,0.0,0.0,0.0,1.0,0.0,0.0,1.0,0.0,1.0,0.6953063319712655,0.43915700544091263,1.3266794400407924,1.1861906062994831,1.258931728226861,-0.1286217039428515
1.0,0.0,0.0,0.0,0.0,0.0,1.0,0.0,0.0,0.0,0.0,0.0,0.0,0.0,1.0,0.0,0.0,1.0,0.0,1.0,-1.4382150054130662,-0.4387288728496957,-0.654523102997609,-1.191553721400978,0.5837956049530288,-0.1286217039428515
0.0,0.0,0.0,0.0,0.0,1.0,0.0,1.0,0.0,0.0,0.0,0.0,1.0,0.0,0.0,0.0,1.0,0.0,1.0,0.0,0.6953063319712655,1.317042883731521,-0.654523102997609,-0.5971176394758626,1.8149247019311536,-0.5734314251298762
0.0,0.0,0.0,0.0,0.0,1.0,1.0,0.0,0.0,0.0,0.0,0.0,0.0,0.0,0.0,1.0,1.0,0.0,0.0,1.0,0.6953063319712655,-0.4387288728496957,0.6662785923613255,-0.0026815575507474062,0.19125001560432872,-0.5734314251298762
0.0,0.0,0.0,0.0,0.0,1.0,1.0,0.0,0.0,0.0,0.0,0.0,1.0,0.0,0.0,0.0,0.0,1.0,0.0,1.0,-1.4382150054130662,-0.4387288728496957,-0.654523102997609,-1.191553721400978,1.1912670787354345,-0.5734314251298762
1.0,0.0,0.0,0.0,0.0,0.0,1.0,0.0,0.0,0.0,0.0,0.0,1.0,0.0,0.0,0.0,1.0,0.0,1.0,0.0,0.6953063319712655,0.43915700544091263,-0.654523102997609,-0.0026815575507474062,-0.6964205703391888,1.7395791250426522
0.0,0.0,0.0,0.0,0.0,1.0,1.0,0.0,0.0,0.0,0.0,0.0,1.0,0.0,0.0,0.0,0.0,1.0,0.0,1.0,0.6953063319712655,0.43915700544091263,-0.654523102997609,1.7806266882245982,0.34873143198020845,1.5616552365678422
0.0,0.0,1.0,0.0,0.0,0.0,0.0,0.0,0.0,1.0,0.0,0.0,0.0,0.0,1.0,0.0,1.0,0.0,1.0,0.0,0.6953063319712655,2.1949287620221294,1.9870802877202598,1.1861906062994831,1.4471995532069128,0.49411190571898306
0.0,0.0,0.0,0.0,0.0,1.0,0.0,0.0,0.0,1.0,0.0,1.0,0.0,0.0,0.0,0.0,0.0,1.0,0.0,1.0,0.6953063319712655,-1.3166147511403041,1.3266794400407924,0.5917545243743678,-0.39726629409063474,-1.1961650347917108
1.0,0.0,0.0,0.0,0.0,0.0,0.0,0.0,0.0,1.0,0.0,0.0,1.0,0.0,0.0,0.0,0.0,1.0,1.0,0.0,0.6953063319712655,1.317042883731521,2.647481135399727,1.7806266882245982,1.9875098347113698,-0.9292792020794959
0.0,0.0,0.0,0.0,0.0,1.0,0.0,1.0,0.0,0.0,0.0,0.0,0.0,0.0,0.0,1.0,0.0,1.0,1.0,0.0,0.6953063319712655,-1.3166147511403041,0.005877744681858218,-0.5971176394758626,0.3530863368767921,-0.840317257842091
1.0,0.0,0.0,0.0,0.0,0.0,1.0,0.0,0.0,0.0,0.0,0.0,0.0,0.0,1.0,0.0,1.0,0.0,1.0,0.0,-1.4382150054130662,0.43915700544091263,-0.654523102997609,-1.191553721400978,0.8423712297952661,-1.1961650347917108
0.0,0.0,0.0,0.0,0.0,1.0,1.0,0.0,0.0,0.0,0.0,0.0,0.0,0.0,0.0,1.0,0.0,1.0,1.0,0.0,0.6953063319712655,-0.4387288728496957,0.005877744681858218,-0.5971176394758626,-0.4307965445082613,-0.751355313604686
0.0,0.0,0.0,0.0,0.0,1.0,1.0,0.0,0.0,0.0,0.0,0.0,0.0,0.0,1.0,0.0,1.0,0.0,0.0,1.0,-1.4382150054130662,-0.4387288728496957,-0.654523102997609,-1.191553721400978,0.19920463957727919,-0.5734314251298762
0.0,0.0,0.0,0.0,1.0,0.0,0.0,0.0,0.0,0.0,1.0,0.0,0.0,1.0,0.0,0.0,0.0,1.0,0.0,1.0,0.6953063319712655,0.43915700544091263,0.6662785923613255,0.5917545243743678,-1.5602021115031812,-0.21758364818025644
0.0,0.0,0.0,0.0,0.0,1.0,0.0,0.0,0.0,1.0,0.0,0.0,0.0,0.0,0.0,1.0,0.0,1.0,1.0,0.0,0.6953063319712655,0.43915700544091263,-0.654523102997609,-1.191553721400978,0.27389251719672214,-1.3740889232665205
0.0,0.0,0.0,0.0,1.0,0.0,0.0,1.0,0.0,0.0,0.0,1.0,0.0,0.0,0.0,0.0,1.0,0.0,1.0,0.0,0.6953063319712655,-1.3166147511403041,-0.654523102997609,-1.191553721400978,-0.1627307511919661,-0.5734314251298762
0.0,0.0,0.0,1.0,0.0,0.0,1.0,0.0,0.0,0.0,0.0,0.0,0.0,0.0,0.0,1.0,1.0,0.0,1.0,0.0,0.6953063319712655,-0.4387288728496957,0.005877744681858218,-0.5971176394758626,-0.5835706359381229,-1.0182411463169008
0.0,1.0,0.0,0.0,0.0,0.0,0.0,0.0,0.0,1.0,0.0,0.0,0.0,0.0,0.0,1.0,0.0,1.0,1.0,0.0,-1.4382150054130662,-0.4387288728496957,-0.654523102997609,-1.191553721400978,-0.42372297065889714,-0.4844694808924712
0.0,0.0,1.0,0.0,0.0,0.0,0.0,0.0,1.0,0.0,0.0,0.0,0.0,1.0,0.0,0.0,1.0,0.0,1.0,0.0,-1.4382150054130662,-0.4387288728496957,0.6662785923613255,-0.0026815575507474062,-1.3047227485238329,-0.3065455924176614
0.0,0.0,0.0,0.0,0.0,1.0,1.0,0.0,0.0,0.0,0.0,0.0,0.0,0.0,0.0,1.0,1.0,0.0,0.0,1.0,-1.4382150054130662,0.43915700544091263,1.3266794400407924,0.5917545243743678,1.1031117206554584,-0.3065455924176614
0.0,0.0,0.0,0.0,0.0,1.0,1.0,0.0,0.0,0.0,0.0,0.0,1.0,0.0,0.0,0.0,0.0,1.0,1.0,0.0,0.6953063319712655,1.317042883731521,0.6662785923613255,-0.0026815575507474062,2.189169621569933,-0.3065455924176614
0.0,0.0,0.0,1.0,0.0,0.0,0.0,1.0,0.0,0.0,0.0,1.0,0.0,0.0,0.0,0.0,0.0,1.0,1.0,0.0,0.6953063319712655,-1.3166147511403041,-0.654523102997609,1.1861906062994831,0.2320300498960367,0.049302184531958365
0.0,1.0,0.0,0.0,0.0,0.0,0.0,1.0,0.0,0.0,0.0,0.0,1.0,0.0,0.0,0.0,0.0,1.0,1.0,0.0,0.6953063319712655,0.43915700544091263,-0.654523102997609,0.5917545243743678,1.113407420671081,2.0064649577548668
1.0,0.0,0.0,0.0,0.0,0.0,1.0,0.0,0.0,0.0,0.0,0.0,0.0,0.0,1.0,0.0,1.0,0.0,1.0,0.0,-1.4382150054130662,0.43915700544091263,1.9870802877202598,1.1861906062994831,0.058891114180995054,-0.21758364818025644
0.0,0.0,0.0,0.0,0.0,1.0,1.0,0.0,0.0,0.0,0.0,0.0,1.0,0.0,0.0,0.0,1.0,0.0,1.0,0.0,0.6953063319712655,2.1949287620221294,0.6662785923613255,0.5917545243743678,1.3361117190530194,-0.3065455924176614
0.0,1.0,0.0,0.0,0.0,0.0,0.0,0.0,1.0,0.0,0.0,0.0,0.0,1.0,0.0,0.0,0.0,1.0,1.0,0.0,-1.4382150054130662,0.43915700544091263,-0.654523102997609,-0.0026815575507474062,-1.4525126135402635,0.7609977384311979
0.0,0.0,0.0,0.0,0.0,1.0,0.0,0.0,1.0,0.0,0.0,0.0,0.0,0.0,1.0,0.0,1.0,0.0,1.0,0.0,-1.4382150054130662,0.43915700544091263,-0.654523102997609,-0.0026815575507474062,-0.3558821111427533,0.583073849956388
0.0,0.0,0.0,0.0,1.0,0.0,1.0,0.0,0.0,0.0,0.0,0.0,0.0,0.0,0.0,1.0,0.0,1.0,1.0,0.0,0.6953063319712655,-0.4387288728496957,-0.654523102997609,-0.5971176394758626,-0.35993494171125023,-0.039659759705446565
0.0,0.0,0.0,0.0,0.0,1.0,0.0,0.0,0.0,1.0,0.0,0.0,0.0,0.0,1.0,0.0,1.0,0.0,1.0,0.0,0.6953063319712655,-0.4387288728496957,0.005877744681858218,-0.0026815575507474062,-0.2966755428377551,1.2058074596182224
0.0,0.0,0.0,0.0,0.0,1.0,0.0,0.0,0.0,1.0,0.0,0.0,0.0,0.0,0.0,1.0,0.0,1.0,0.0,1.0,-1.4382150054130662,0.43915700544091263,-0.654523102997609,-1.191553721400978,0.21891498948493804,-1.0182411463169008
1.0,0.0,0.0,0.0,0.0,0.0,0.0,0.0,1.0,0.0,0.0,0.0,0.0,0.0,0.0,1.0,0.0,1.0,1.0,0.0,-1.4382150054130662,0.43915700544091263,-0.654523102997609,1.1861906062994831,-1.528459134193401,1.3837313480930324
0.0,0.0,0.0,1.0,0.0,0.0,0.0,0.0,0.0,1.0,0.0,1.0,0.0,0.0,0.0,0.0,0.0,1.0,0.0,1.0,-1.4382150054130662,-0.4387288728496957,-0.654523102997609,-1.191553721400978,-0.5088827583186799,-1.5520128117413305
0.0,0.0,1.0,0.0,0.0,0.0,1.0,0.0,0.0,0.0,0.0,1.0,0.0,0.0,0.0,0.0,1.0,0.0,1.0,0.0,0.6953063319712655,-1.3166147511403041,-0.654523102997609,-0.5971176394758626,-0.7533364083228627,-0.5734314251298762
0.0,0.0,0.0,0.0,0.0,1.0,0.0,0.0,0.0,0.0,1.0,1.0,0.0,0.0,0.0,0.0,0.0,1.0,1.0,0.0,-1.4382150054130662,0.43915700544091263,-0.654523102997609,0.5917545243743678,-1.469680504519859,0.6720357941937929
0.0,1.0,0.0,0.0,0.0,0.0,0.0,0.0,0.0,1.0,0.0,0.0,0.0,0.0,1.0,0.0,0.0,1.0,1.0,0.0,0.6953063319712655,-0.4387288728496957,0.005877744681858218,-0.0026815575507474062,0.26931105655407345,1.2947694038556274
0.0,1.0,0.0,0.0,0.0,0.0,0.0,0.0,0.0,1.0,0.0,0.0,0.0,0.0,1.0,0.0,1.0,0.0,0.0,1.0,-1.4382150054130662,0.43915700544091263,1.3266794400407924,1.1861906062994831,0.5885029298990471,-0.1286217039428515
0.0,0.0,1.0,0.0,0.0,0.0,0.0,0.0,0.0,1.0,0.0,0.0,0.0,1.0,0.0,0.0,1.0,0.0,0.0,1.0,0.6953063319712655,-0.4387288728496957,0.005877744681858218,-0.5971176394758626,-1.3648355398130914,-0.5734314251298762
0.0,0.0,0.0,0.0,0.0,1.0,1.0,0.0,0.0,0.0,0.0,0.0,0.0,0.0,0.0,1.0,1.0,0.0,0.0,1.0,0.6953063319712655,0.43915700544091263,1.3266794400407924,0.5917545243743678,0.3708332036518872,-0.3065455924176614
1.0,0.0,0.0,0.0,0.0,0.0,1.0,0.0,0.0,0.0,0.0,0.0,0.0,0.0,1.0,0.0,0.0,1.0,0.0,1.0,0.6953063319712655,1.317042883731521,-0.654523102997609,-1.191553721400978,1.0928160206398356,-0.9292792020794959
1.0,0.0,0.0,0.0,0.0,0.0,0.0,1.0,0.0,0.0,0.0,0.0,1.0,0.0,0.0,0.0,0.0,1.0,1.0,0.0,0.6953063319712655,-0.4387288728496957,1.9870802877202598,1.1861906062994831,1.5982367172502758,-0.6623933693672811
0.0,1.0,0.0,0.0,0.0,0.0,0.0,0.0,0.0,0.0,1.0,1.0,0.0,0.0,0.0,0.0,0.0,1.0,0.0,1.0,-1.4382150054130662,0.43915700544091263,-0.654523102997609,-1.191553721400978,-0.9707544059632837,-1.5520128117413305
0.0,0.0,0.0,0.0,1.0,0.0,0.0,0.0,0.0,1.0,0.0,0.0,0.0,0.0,1.0,0.0,1.0,0.0,1.0,0.0,0.6953063319712655,1.317042883731521,1.9870802877202598,1.1861906062994831,1.539835680486842,0.583073849956388
0.0,1.0,0.0,0.0,0.0,0.0,1.0,0.0,0.0,0.0,0.0,0.0,0.0,0.0,1.0,0.0,1.0,0.0,1.0,0.0,0.6953063319712655,-1.3166147511403041,1.3266794400407924,1.1861906062994831,0.11590764360736454,0.22722607300676823
0.0,0.0,0.0,0.0,0.0,1.0,0.0,1.0,0.0,0.0,0.0,0.0,1.0,0.0,0.0,0.0,0.0,1.0,1.0,0.0,0.6953063319712655,0.43915700544091263,-0.654523102997609,-0.0026815575507474062,-0.2854232741165245,2.2733507904670818
0.0,0.0,0.0,0.0,0.0,1.0,0.0,0.0,0.0,1.0,0.0,0.0,0.0,0.0,1.0,0.0,0.0,1.0,1.0,0.0,-1.4382150054130662,0.43915700544091263,0.005877744681858218,-0.0026815575507474062,0.6185341526830024,1.1168455153808177
0.0,1.0,0.0,0.0,0.0,0.0,0.0,0.0,0.0,1.0,0.0,1.0,0.0,0.0,0.0,0.0,1.0,0.0,1.0,0.0,-1.4382150054130662,-0.4387288728496957,-0.654523102997609,-0.0026815575507474062,-0.8016179550953911,0.22722607300676823
1.0,0.0,0.0,0.0,0.0,0.0,0.0,0.0,0.0,1.0,0.0,1.0,0.0,0.0,0.0,0.0,0.0,1.0,0.0,1.0,0.6953063319712655,0.43915700544091263,-0.654523102997609,-0.0026815575507474062,-0.5363211764532242,1.5616552365678422
0.0,0.0,0.0,0.0,0.0,1.0,0.0,0.0,1.0,0.0,0.0,0.0,0.0,0.0,1.0,0.0,1.0,0.0,0.0,1.0,0.6953063319712655,1.317042883731521,1.3266794400407924,1.1861906062994831,0.6201200429054576,0.1382641287693633
0.0,0.0,0.0,0.0,1.0,0.0,0.0,0.0,0.0,1.0,0.0,1.0,0.0,0.0,0.0,0.0,0.0,1.0,0.0,1.0,0.6953063319712655,0.43915700544091263,1.9870802877202598,1.1861906062994831,-0.36748679991341837,-1.4630508675039255
0.0,0.0,0.0,0.0,0.0,1.0,1.0,0.0,0.0,0.0,0.0,0.0,0.0,0.0,0.0,1.0,1.0,0.0,0.0,1.0,-1.4382150054130662,1.317042883731521,1.3266794400407924,0.5917545243743678,-0.9969593539248072,-0.3065455924176614
1.0,0.0,0.0,0.0,0.0,0.0,1.0,0.0,0.0,0.0,0.0,0.0,0.0,0.0,1.0,0.0,1.0,0.0,1.0,0.0,0.6953063319712655,-1.3166147511403041,-0.654523102997609,-0.0026815575507474062,1.1097573558733662,-0.751355313604686
0.0,0.0,0.0,0.0,0.0,1.0,0.0,0.0,0.0,1.0,0.0,0.0,0.0,0.0,1.0,0.0,1.0,0.0,1.0,0.0,0.6953063319712655,0.43915700544091263,-0.654523102997609,-1.191553721400978,-0.4862523565728494,-1.1072030905543058
0.0,0.0,0.0,0.0,0.0,1.0,1.0,0.0,0.0,0.0,0.0,0.0,0.0,0.0,0.0,1.0,1.0,0.0,1.0,0.0,0.6953063319712655,1.317042883731521,1.3266794400407924,0.5917545243743678,0.46014651332286244,-0.3065455924176614
1.0,0.0,0.0,0.0,0.0,0.0,0.0,0.0,0.0,1.0,0.0,0.0,0.0,0.0,0.0,1.0,0.0,1.0,0.0,1.0,-1.4382150054130662,-0.4387288728496957,-0.654523102997609,-0.5971176394758626,0.055316567965302134,0.4051499614815781
0.0,0.0,1.0,0.0,0.0,0.0,0.0,1.0,0.0,0.0,0.0,1.0,0.0,0.0,0.0,0.0,1.0,0.0,1.0,0.0,0.6953063319712655,-1.3166147511403041,-0.654523102997609,0.5917545243743678,-0.31547966976115377,0.1382641287693633
0.0,0.0,0.0,0.0,0.0,1.0,1.0,0.0,0.0,0.0,0.0,0.0,1.0,0.0,0.0,0.0,0.0,1.0,0.0,1.0,-1.4382150054130662,0.43915700544091263,-0.654523102997609,-1.191553721400978,2.3349960034537998,-0.3065455924176614
0.0,0.0,0.0,0.0,1.0,0.0,1.0,0.0,0.0,0.0,0.0,1.0,0.0,0.0,0.0,0.0,0.0,1.0,1.0,0.0,0.6953063319712655,-0.4387288728496957,0.005877744681858218,-0.5971176394758626,-0.5214188429342791,-0.3955075366550663
0.0,0.0,0.0,0.0,0.0,1.0,0.0,0.0,0.0,0.0,1.0,1.0,0.0,0.0,0.0,0.0,1.0,0.0,1.0,0.0,0.6953063319712655,0.43915700544091263,0.005877744681858218,-0.0026815575507474062,-1.4676918485266215,0.4051499614815781
0.0,1.0,0.0,0.0,0.0,0.0,0.0,1.0,0.0,0.0,0.0,0.0,0.0,0.0,1.0,0.0,0.0,1.0,1.0,0.0,0.6953063319712655,-1.3166147511403041,-0.654523102997609,1.1861906062994831,0.7730703443600365,-0.3955075366550663
0.0,0.0,0.0,0.0,0.0,1.0,1.0,0.0,0.0,0.0,0.0,0.0,1.0,0.0,0.0,0.0,0.0,1.0,0.0,1.0,-1.4382150054130662,1.317042883731521,1.3266794400407924,0.5917545243743678,2.141064284822122,0.049302184531958365
0.0,0.0,1.0,0.0,0.0,0.0,0.0,0.0,1.0,0.0,0.0,0.0,0.0,1.0,0.0,0.0,0.0,1.0,0.0,1.0,0.6953063319712655,-0.4387288728496957,1.3266794400407924,0.5917545243743678,-0.9561289739117513,-0.4844694808924712
0.0,0.0,0.0,0.0,0.0,1.0,1.0,0.0,0.0,0.0,0.0,0.0,1.0,0.0,0.0,0.0,1.0,0.0,1.0,0.0,0.6953063319712655,-0.4387288728496957,-0.654523102997609,-1.191553721400978,0.729571641115548,-0.5734314251298762
0.0,0.0,0.0,0.0,0.0,1.0,1.0,0.0,0.0,0.0,0.0,0.0,1.0,0.0,0.0,0.0,1.0,0.0,1.0,0.0,0.6953063319712655,0.43915700544091263,-0.654523102997609,1.1861906062994831,0.8862978716712109,1.917503013517462
1.0,0.0,0.0,0.0,0.0,0.0,0.0,0.0,0.0,1.0,0.0,0.0,0.0,0.0,0.0,1.0,1.0,0.0,1.0,0.0,0.6953063319712655,1.317042883731521,1.9870802877202598,1.7806266882245982,0.07313895332241896,0.049302184531958365
0.0,0.0,0.0,0.0,0.0,1.0,0.0,1.0,0.0,0.0,0.0,0.0,1.0,0.0,0.0,0.0,1.0,0.0,0.0,1.0,0.6953063319712655,0.43915700544091263,-0.654523102997609,0.5917545243743678,-0.13446162865518332,0.7609977384311979
0.0,0.0,0.0,0.0,0.0,1.0,0.0,1.0,0.0,0.0,0.0,0.0,0.0,0.0,0.0,1.0,1.0,0.0,0.0,1.0,0.6953063319712655,-1.3166147511403041,-0.654523102997609,1.1861906062994831,0.6247015035481063,0.31618801724417317
0.0,0.0,0.0,0.0,1.0,0.0,0.0,0.0,0.0,0.0,1.0,0.0,0.0,1.0,0.0,0.0,1.0,0.0,1.0,0.0,-1.4382150054130662,0.43915700544091263,-0.654523102997609,-1.191553721400978,-1.4491646230706356,-1.0182411463169008
0.0,0.0,1.0,0.0,0.0,0.0,0.0,0.0,0.0,1.0,0.0,0.0,0.0,0.0,1.0,0.0,0.0,1.0,1.0,0.0,0.6953063319712655,2.1949287620221294,1.9870802877202598,1.1861906062994831,2.089636130465357,0.583073849956388
0.0,0.0,1.0,0.0,0.0,0.0,0.0,0.0,0.0,0.0,1.0,0.0,0.0,1.0,0.0,0.0,0.0,1.0,0.0,1.0,-1.4382150054130662,0.43915700544091263,-0.654523102997609,-1.191553721400978,-1.5491512256673419,-1.6409747559787353
0.0,0.0,0.0,0.0,0.0,1.0,0.0,1.0,0.0,0.0,0.0,0.0,0.0,0.0,0.0,1.0,1.0,0.0,1.0,0.0,0.6953063319712655,-1.3166147511403041,-0.654523102997609,-0.5971176394758626,-0.11243537556552625,-1.0182411463169008
1.0,0.0,0.0,0.0,0.0,0.0,0.0,0.0,1.0,0.0,0.0,0.0,0.0,0.0,0.0,1.0,1.0,0.0,1.0,0.0,0.6953063319712655,0.43915700544091263,-0.654523102997609,0.5917545243743678,-0.5312866043184454,0.8499596826686028
1.0,0.0,0.0,0.0,0.0,0.0,1.0,0.0,0.0,0.0,0.0,0.0,0.0,0.0,1.0,0.0,1.0,0.0,1.0,0.0,0.6953063319712655,-0.4387288728496957,-0.654523102997609,-0.5971176394758626,0.2893989993718407,-0.039659759705446565
1.0,0.0,0.0,0.0,0.0,0.0,0.0,0.0,1.0,0.0,0.0,0.0,1.0,0.0,0.0,0.0,1.0,0.0,1.0,0.0,-1.4382150054130662,1.317042883731521,2.647481135399727,1.7806266882245982,0.29304906416955534,-0.840317257842091
0.0,0.0,0.0,0.0,0.0,1.0,0.0,1.0,0.0,0.0,0.0,0.0,1.0,0.0,0.0,0.0,0.0,1.0,0.0,1.0,-1.4382150054130662,0.43915700544091263,-0.654523102997609,0.5917545243743678,1.019688860382174,2.0954269019922718
0.0,0.0,0.0,0.0,0.0,1.0,0.0,0.0,0.0,1.0,0.0,0.0,0.0,0.0,0.0,1.0,1.0,0.0,1.0,0.0,0.6953063319712655,-0.4387288728496957,-0.654523102997609,-0.5971176394758626,-0.16177418248635814,0.22722607300676823
0.0,0.0,0.0,0.0,0.0,1.0,1.0,0.0,0.0,0.0,0.0,0.0,1.0,0.0,0.0,0.0,0.0,1.0,0.0,1.0,-1.4382150054130662,-0.4387288728496957,1.3266794400407924,0.5917545243743678,1.9228659285008103,-0.039659759705446565
0.0,0.0,0.0,0.0,0.0,1.0,0.0,1.0,0.0,0.0,0.0,0.0,0.0,0.0,1.0,0.0,0.0,1.0,1.0,0.0,0.6953063319712655,-1.3166147511403041,-0.654523102997609,1.1861906062994831,0.9039692198642844,-0.3955075366550663
0.0,0.0,0.0,0.0,0.0,1.0,0.0,0.0,0.0,1.0,0.0,0.0,0.0,0.0,1.0,0.0,0.0,1.0,1.0,0.0,0.6953063319712655,-0.4387288728496957,0.6662785923613255,1.1861906062994831,0.500800683311201,0.9389216269060077
0.0,0.0,0.0,1.0,0.0,0.0,0.0,0.0,0.0,0.0,1.0,0.0,0.0,1.0,0.0,0.0,1.0,0.0,0.0,1.0,-1.4382150054130662,-0.4387288728496957,-0.654523102997609,-1.191553721400978,-1.4133184694710108,-1.1072030905543058
0.0,0.0,0.0,0.0,0.0,1.0,1.0,0.0,0.0,0.0,0.0,0.0,1.0,0.0,0.0,0.0,1.0,0.0,0.0,1.0,0.6953063319712655,0.43915700544091263,-0.654523102997609,1.7806266882245982,0.7284640352458966,1.7395791250426522
0.0,0.0,0.0,0.0,0.0,1.0,0.0,0.0,0.0,1.0,0.0,0.0,0.0,0.0,1.0,0.0,1.0,0.0,0.0,1.0,-1.4382150054130662,0.43915700544091263,-0.654523102997609,-1.191553721400978,0.23180349414997167,-1.1072030905543058
1.0,0.0,0.0,0.0,0.0,0.0,0.0,1.0,0.0,0.0,0.0,0.0,1.0,0.0,0.0,0.0,1.0,0.0,1.0,0.0,0.6953063319712655,-0.4387288728496957,-0.654523102997609,-1.191553721400978,1.654598752299124,-0.3955075366550663
0.0,1.0,0.0,0.0,0.0,0.0,0.0,0.0,0.0,1.0,0.0,0.0,0.0,0.0,1.0,0.0,1.0,0.0,1.0,0.0,0.6953063319712655,1.317042883731521,1.9870802877202598,1.7806266882245982,0.1621250158046336,0.049302184531958365
0.0,1.0,0.0,0.0,0.0,0.0,0.0,1.0,0.0,0.0,0.0,0.0,0.0,0.0,0.0,1.0,1.0,0.0,0.0,1.0,0.6953063319712655,-1.3166147511403041,-0.654523102997609,-0.5971176394758626,0.37299806966984206,-0.840317257842091
0.0,0.0,0.0,0.0,0.0,1.0,1.0,0.0,0.0,0.0,0.0,0.0,0.0,0.0,1.0,0.0,1.0,0.0,1.0,0.0,0.6953063319712655,-0.4387288728496957,1.3266794400407924,1.1861906062994831,0.14674439793288446,0.22722607300676823
1.0,0.0,0.0,0.0,0.0,0.0,0.0,0.0,0.0,0.0,1.0,1.0,0.0,0.0,0.0,0.0,0.0,1.0,0.0,1.0,0.6953063319712655,0.43915700544091263,-0.654523102997609,0.5917545243743678,-0.9769217568283877,0.6720357941937929
0.0,0.0,0.0,0.0,0.0,1.0,0.0,0.0,0.0,1.0,0.0,0.0,0.0,0.0,0.0,1.0,0.0,1.0,1.0,0.0,-1.4382150054130662,-0.4387288728496957,-0.654523102997609,-1.191553721400978,-0.4236222792162016,-1.5520128117413305
0.0,0.0,0.0,0.0,0.0,1.0,0.0,0.0,1.0,0.0,0.0,0.0,0.0,0.0,1.0,0.0,0.0,1.0,0.0,1.0,0.6953063319712655,0.43915700544091263,0.005877744681858218,-0.0026815575507474062,0.3876235017213744,0.8499596826686028
0.0,0.0,0.0,0.0,0.0,1.0,0.0,0.0,0.0,0.0,1.0,1.0,0.0,0.0,0.0,0.0,1.0,0.0,0.0,1.0,0.6953063319712655,0.43915700544091263,-0.654523102997609,-1.191553721400978,-0.8012907079066305,-1.3740889232665205
0.0,0.0,0.0,0.0,0.0,1.0,0.0,0.0,0.0,1.0,0.0,0.0,0.0,0.0,0.0,1.0,1.0,0.0,0.0,1.0,-1.4382150054130662,0.43915700544091263,-0.654523102997609,-1.191553721400978,-0.6214557912523331,-1.6409747559787353
1.0,0.0,0.0,0.0,0.0,0.0,0.0,0.0,1.0,0.0,0.0,0.0,0.0,0.0,0.0,1.0,1.0,0.0,0.0,1.0,-1.4382150054130662,0.43915700544091263,-0.654523102997609,-0.0026815575507474062,0.2568756633811699,0.583073849956388
0.0,0.0,0.0,0.0,0.0,1.0,0.0,0.0,0.0,1.0,0.0,0.0,0.0,0.0,1.0,0.0,0.0,1.0,0.0,1.0,0.6953063319712655,-1.3166147511403041,0.005877744681858218,-0.0026815575507474062,0.5193530816278608,0.4051499614815781
1.0,0.0,0.0,0.0,0.0,0.0,0.0,0.0,0.0,1.0,0.0,0.0,0.0,0.0,0.0,1.0,0.0,1.0,1.0,0.0,0.6953063319712655,1.317042883731521,1.9870802877202598,1.7806266882245982,0.2194436195590898,0.049302184531958365
0.0,0.0,0.0,0.0,0.0,1.0,0.0,0.0,1.0,0.0,0.0,0.0,0.0,0.0,1.0,0.0,1.0,0.0,1.0,0.0,0.6953063319712655,1.317042883731521,1.3266794400407924,1.1861906062994831,0.5505926017241629,0.1382641287693633
0.0,1.0,0.0,0.0,0.0,0.0,0.0,0.0,0.0,1.0,0.0,0.0,0.0,0.0,1.0,0.0,0.0,1.0,0.0,1.0,0.6953063319712655,-0.4387288728496957,-0.654523102997609,0.5917545243743678,1.1218403289968353,0.49411190571898306
0.0,0.0,0.0,0.0,0.0,1.0,0.0,0.0,0.0,0.0,1.0,1.0,0.0,0.0,0.0,0.0,1.0,0.0,1.0,0.0,-1.4382150054130662,0.43915700544091263,-0.654523102997609,1.7806266882245982,-1.182860930001513,1.5616552365678422
0.0,0.0,0.0,0.0,0.0,1.0,0.0,0.0,0.0,1.0,0.0,0.0,0.0,0.0,0.0,1.0,0.0,1.0,0.0,1.0,-1.4382150054130662,0.43915700544091263,-0.654523102997609,-1.191553721400978,0.5912467717125014,-1.3740889232665205
0.0,0.0,0.0,0.0,0.0,1.0,0.0,0.0,1.0,0.0,0.0,0.0,0.0,0.0,1.0,0.0,1.0,0.0,1.0,0.0,0.6953063319712655,0.43915700544091263,0.005877744681858218,0.5917545243743678,-0.4196449672297264,0.8499596826686028
1.0,0.0,0.0,0.0,0.0,0.0,0.0,0.0,0.0,0.0,1.0,1.0,0.0,0.0,0.0,0.0,0.0,1.0,0.0,1.0,-1.4382150054130662,0.43915700544091263,-0.654523102997609,0.5917545243743678,-0.7823858895405362,0.6720357941937929
0.0,0.0,0.0,0.0,0.0,1.0,0.0,1.0,0.0,0.0,0.0,0.0,0.0,0.0,0.0,1.0,0.0,1.0,1.0,0.0,-1.4382150054130662,-1.3166147511403041,-0.654523102997609,-1.191553721400978,1.5655623440955615,-0.3955075366550663
0.0,0.0,1.0,0.0,0.0,0.0,0.0,0.0,1.0,0.0,0.0,0.0,0.0,1.0,0.0,0.0,0.0,1.0,0.0,1.0,0.6953063319712655,-0.4387288728496957,0.6662785923613255,-0.0026815575507474062,-0.9347068694782678,-0.3065455924176614
0.0,0.0,0.0,0.0,0.0,1.0,0.0,1.0,0.0,0.0,0.0,0.0,1.0,0.0,0.0,0.0,0.0,1.0,1.0,0.0,0.6953063319712655,1.317042883731521,1.3266794400407924,0.5917545243743678,2.416732282061933,2.1843888462296768
0.0,0.0,0.0,0.0,0.0,1.0,0.0,0.0,1.0,0.0,0.0,0.0,0.0,0.0,0.0,1.0,1.0,0.0,0.0,1.0,-1.4382150054130662,0.43915700544091263,-0.654523102997609,-1.191553721400978,-0.9364941425861142,-1.3740889232665205
0.0,0.0,0.0,0.0,1.0,0.0,0.0,0.0,1.0,0.0,0.0,0.0,0.0,1.0,0.0,0.0,0.0,1.0,1.0,0.0,0.6953063319712655,-1.3166147511403041,0.6662785923613255,-0.0026815575507474062,-1.5096801801306763,-0.6623933693672811
0.0,1.0,0.0,0.0,0.0,0.0,0.0,0.0,1.0,0.0,0.0,0.0,0.0,0.0,0.0,1.0,0.0,1.0,1.0,0.0,0.6953063319712655,1.317042883731521,1.9870802877202598,1.1861906062994831,-0.3484812901046285,-0.5734314251298762
0.0,0.0,0.0,0.0,0.0,1.0,0.0,0.0,0.0,1.0,0.0,0.0,0.0,0.0,1.0,0.0,1.0,0.0,0.0,1.0,-1.4382150054130662,0.43915700544091263,-0.654523102997609,-1.191553721400978,-0.16718634753124528,-1.0182411463169008
0.0,0.0,0.0,0.0,0.0,1.0,0.0,0.0,0.0,1.0,0.0,0.0,0.0,0.0,1.0,0.0,1.0,0.0,1.0,0.0,0.6953063319712655,0.43915700544091263,-0.654523102997609,0.5917545243743678,-0.11399609292730767,0.49411190571898306
0.0,0.0,0.0,0.0,1.0,0.0,0.0,0.0,1.0,0.0,0.0,0.0,1.0,0.0,0.0,0.0,1.0,0.0,1.0,0.0,0.6953063319712655,2.1949287620221294,2.647481135399727,1.7806266882245982,1.4429705126136987,1.1168455153808177
0.0,0.0,0.0,0.0,1.0,0.0,0.0,0.0,0.0,1.0,0.0,0.0,0.0,0.0,1.0,0.0,0.0,1.0,1.0,0.0,-1.4382150054130662,0.43915700544091263,2.647481135399727,1.7806266882245982,2.209509292994439,0.7609977384311979
1.0,0.0,0.0,0.0,0.0,0.0,0.0,0.0,0.0,1.0,0.0,0.0,0.0,0.0,0.0,1.0,0.0,1.0,1.0,0.0,0.6953063319712655,-0.4387288728496957,-0.654523102997609,-0.5971176394758626,0.6299374585682762,0.1382641287693633
0.0,0.0,0.0,0.0,0.0,1.0,0.0,0.0,0.0,1.0,0.0,0.0,0.0,0.0,1.0,0.0,0.0,1.0,0.0,1.0,0.6953063319712655,0.43915700544091263,0.005877744681858218,1.7806266882245982,0.26858104359453056,1.1168455153808177
0.0,1.0,0.0,0.0,0.0,0.0,0.0,1.0,0.0,0.0,0.0,0.0,0.0,0.0,1.0,0.0,0.0,1.0,1.0,0.0,0.6953063319712655,-1.3166147511403041,-0.654523102997609,-0.0026815575507474062,0.5899881286788068,-0.6623933693672811
1.0,0.0,0.0,0.0,0.0,0.0,1.0,0.0,0.0,0.0,0.0,0.0,0.0,0.0,1.0,0.0,0.0,1.0,1.0,0.0,0.6953063319712655,-1.3166147511403041,-0.654523102997609,-1.191553721400978,1.2552816634291464,-0.3955075366550663
0.0,0.0,0.0,0.0,0.0,1.0,0.0,0.0,1.0,0.0,0.0,0.0,0.0,0.0,0.0,1.0,1.0,0.0,1.0,0.0,0.6953063319712655,0.43915700544091263,-0.654523102997609,-0.0026815575507474062,-0.9285143457524898,0.4051499614815781
0.0,1.0,0.0,0.0,0.0,0.0,0.0,1.0,0.0,0.0,0.0,0.0,1.0,0.0,0.0,0.0,0.0,1.0,1.0,0.0,0.6953063319712655,1.317042883731521,1.3266794400407924,0.5917545243743678,1.3558975875427,1.828541069280057
0.0,0.0,0.0,0.0,0.0,1.0,0.0,0.0,0.0,1.0,0.0,0.0,0.0,0.0,0.0,1.0,1.0,0.0,0.0,1.0,-1.4382150054130662,0.43915700544091263,-0.654523102997609,-1.191553721400978,-1.210802805349535,-1.6409747559787353
0.0,1.0,0.0,0.0,0.0,0.0,0.0,0.0,1.0,0.0,0.0,0.0,0.0,0.0,1.0,0.0,1.0,0.0,0.0,1.0,0.6953063319712655,-1.3166147511403041,1.3266794400407924,1.1861906062994831,0.04688365963954771,0.583073849956388
0.0,1.0,0.0,0.0,0.0,0.0,0.0,0.0,1.0,0.0,0.0,0.0,0.0,0.0,1.0,0.0,1.0,0.0,1.0,0.0,0.6953063319712655,0.43915700544091263,0.005877744681858218,0.5917545243743678,0.05430965353834638,0.8499596826686028
1.0,0.0,0.0,0.0,0.0,0.0,0.0,0.0,0.0,1.0,0.0,0.0,0.0,0.0,0.0,1.0,1.0,0.0,1.0,0.0,0.6953063319712655,-0.4387288728496957,-0.654523102997609,-0.5971176394758626,-0.009654585434017803,0.1382641287693633
0.0,0.0,0.0,1.0,0.0,0.0,1.0,0.0,0.0,0.0,0.0,0.0,0.0,1.0,0.0,0.0,1.0,0.0,1.0,0.0,0.6953063319712655,-1.3166147511403041,-0.654523102997609,-0.5971176394758626,-1.5549409836223373,0.049302184531958365
0.0,0.0,1.0,0.0,0.0,0.0,0.0,0.0,0.0,0.0,1.0,0.0,0.0,1.0,0.0,0.0,0.0,1.0,1.0,0.0,-1.4382150054130662,0.43915700544091263,-0.654523102997609,-1.191553721400978,-1.6547513761943264,-1.1961650347917108
0.0,1.0,0.0,0.0,0.0,0.0,0.0,0.0,1.0,0.0,0.0,0.0,0.0,0.0,0.0,1.0,0.0,1.0,0.0,1.0,-1.4382150054130662,0.43915700544091263,-0.654523102997609,-1.191553721400978,-1.0497720156186363,-1.4630508675039255
0.0,1.0,0.0,0.0,0.0,0.0,0.0,0.0,0.0,1.0,0.0,0.0,0.0,0.0,0.0,1.0,1.0,0.0,1.0,0.0,0.6953063319712655,0.43915700544091263,1.9870802877202598,1.1861906062994831,0.40894491471216243,-0.5734314251298762
0.0,1.0,0.0,0.0,0.0,0.0,0.0,0.0,0.0,0.0,1.0,1.0,0.0,0.0,0.0,0.0,0.0,1.0,1.0,0.0,-1.4382150054130662,0.43915700544091263,-0.654523102997609,-1.191553721400978,-1.06595816503195,-1.5520128117413305
0.0,0.0,0.0,0.0,0.0,1.0,0.0,0.0,0.0,1.0,0.0,1.0,0.0,0.0,0.0,0.0,0.0,1.0,0.0,1.0,0.6953063319712655,-0.4387288728496957,-0.654523102997609,-0.0026815575507474062,-0.546088246394695,0.22722607300676823
0.0,1.0,0.0,0.0,0.0,0.0,1.0,0.0,0.0,0.0,0.0,0.0,0.0,0.0,0.0,1.0,0.0,1.0,1.0,0.0,0.6953063319712655,-0.4387288728496957,-0.654523102997609,-0.5971176394758626,-0.17634926881654264,0.7609977384311979
1.0,0.0,0.0,0.0,0.0,0.0,1.0,0.0,0.0,0.0,0.0,0.0,1.0,0.0,0.0,0.0,0.0,1.0,1.0,0.0,0.6953063319712655,1.317042883731521,0.005877744681858218,1.1861906062994831,2.39279289156106,0.31618801724417317
0.0,1.0,0.0,0.0,0.0,0.0,0.0,0.0,0.0,0.0,1.0,1.0,0.0,0.0,0.0,0.0,1.0,0.0,0.0,1.0,-1.4382150054130662,0.43915700544091263,-0.654523102997609,-1.191553721400978,-1.0063740038168434,-1.5520128117413305
0.0,0.0,0.0,0.0,0.0,1.0,0.0,1.0,0.0,0.0,0.0,0.0,0.0,0.0,1.0,0.0,0.0,1.0,0.0,1.0,-1.4382150054130662,-1.3166147511403041,-0.654523102997609,0.5917545243743678,0.48086377765747707,-0.840317257842091
1.0,0.0,0.0,0.0,0.0,0.0,0.0,0.0,0.0,1.0,0.0,1.0,0.0,0.0,0.0,0.0,0.0,1.0,1.0,0.0,-1.4382150054130662,0.43915700544091263,-0.654523102997609,-0.0026815575507474062,-0.821076576396311,2.6291985674167013
1.0,0.0,0.0,0.0,0.0,0.0,1.0,0.0,0.0,0.0,0.0,0.0,0.0,0.0,1.0,0.0,0.0,1.0,0.0,1.0,-1.4382150054130662,1.317042883731521,-0.654523102997609,-1.191553721400978,0.8817919296105838,-1.2851269790291155
0.0,0.0,0.0,0.0,0.0,1.0,0.0,0.0,0.0,1.0,0.0,0.0,0.0,0.0,1.0,0.0,1.0,0.0,1.0,0.0,0.6953063319712655,0.43915700544091263,1.3266794400407924,0.5917545243743678,1.494549704134507,0.1382641287693633
1.0,0.0,0.0,0.0,0.0,0.0,0.0,0.0,1.0,0.0,0.0,0.0,0.0,0.0,0.0,1.0,1.0,0.0,1.0,0.0,0.6953063319712655,0.43915700544091263,-0.654523102997609,1.7806266882245982,-1.3230989368157753,1.5616552365678422
0.0,0.0,0.0,0.0,0.0,1.0,0.0,0.0,0.0,1.0,0.0,0.0,0.0,0.0,0.0,1.0,0.0,1.0,0.0,1.0,-1.4382150054130662,-0.4387288728496957,-0.654523102997609,-1.191553721400978,-0.2500805777303776,-1.2851269790291155
0.0,0.0,0.0,0.0,0.0,1.0,1.0,0.0,0.0,0.0,0.0,0.0,0.0,0.0,0.0,1.0,1.0,0.0,0.0,1.0,-1.4382150054130662,-1.3166147511403041,0.6662785923613255,-0.0026815575507474062,-0.8807866019147872,-0.6623933693672811
0.0,1.0,0.0,0.0,0.0,0.0,0.0,0.0,1.0,0.0,0.0,0.0,0.0,0.0,0.0,1.0,0.0,1.0,1.0,0.0,0.6953063319712655,0.43915700544091263,0.6662785923613255,1.1861906062994831,-0.5596815911585976,0.049302184531958365
0.0,0.0,0.0,0.0,0.0,1.0,0.0,1.0,0.0,0.0,0.0,0.0,0.0,0.0,1.0,0.0,1.0,0.0,1.0,0.0,0.6953063319712655,0.43915700544091263,2.647481135399727,1.7806266882245982,0.3681397075597806,-0.6623933693672811
0.0,0.0,0.0,0.0,0.0,1.0,1.0,0.0,0.0,0.0,0.0,0.0,1.0,0.0,0.0,0.0,1.0,0.0,1.0,0.0,0.6953063319712655,-0.4387288728496957,0.005877744681858218,-0.0026815575507474062,0.09891596265248621,1.2947694038556274
0.0,0.0,0.0,0.0,0.0,1.0,1.0,0.0,0.0,0.0,0.0,0.0,1.0,0.0,0.0,0.0,1.0,0.0,1.0,0.0,0.6953063319712655,1.317042883731521,1.3266794400407924,0.5917545243743678,1.9996179806955126,0.049302184531958365
0.0,0.0,1.0,0.0,0.0,0.0,0.0,0.0,1.0,0.0,0.0,0.0,0.0,0.0,1.0,0.0,0.0,1.0,0.0,1.0,-1.4382150054130662,-0.4387288728496957,0.6662785923613255,1.1861906062994831,1.1002168416779605,0.6720357941937929
1.0,0.0,0.0,0.0,0.0,0.0,1.0,0.0,0.0,0.0,0.0,0.0,0.0,0.0,1.0,0.0,0.0,1.0,1.0,0.0,-1.4382150054130662,1.317042883731521,-0.654523102997609,-1.191553721400978,1.5668461599899302,-0.9292792020794959
0.0,0.0,0.0,0.0,0.0,1.0,0.0,0.0,0.0,0.0,1.0,1.0,0.0,0.0,0.0,0.0,1.0,0.0,0.0,1.0,-1.4382150054130662,0.43915700544091263,-0.654523102997609,-1.191553721400978,-0.9492064372264305,-1.3740889232665205
0.0,0.0,1.0,0.0,0.0,0.0,0.0,1.0,0.0,0.0,0.0,1.0,0.0,0.0,0.0,0.0,0.0,1.0,1.0,0.0,0.6953063319712655,-1.3166147511403041,-0.654523102997609,1.7806266882245982,0.13498867199817605,-0.039659759705446565
0.0,0.0,0.0,0.0,0.0,1.0,0.0,0.0,0.0,1.0,0.0,0.0,0.0,0.0,1.0,0.0,1.0,0.0,0.0,1.0,0.6953063319712655,-0.4387288728496957,1.3266794400407924,1.1861906062994831,0.12902270401846322,0.7609977384311979
1.0,0.0,0.0,0.0,0.0,0.0,0.0,0.0,1.0,0.0,0.0,0.0,0.0,0.0,0.0,1.0,0.0,1.0,1.0,0.0,0.6953063319712655,0.43915700544091263,-0.654523102997609,-0.0026815575507474062,0.10800336535576188,0.49411190571898306
0.0,0.0,0.0,0.0,0.0,1.0,0.0,1.0,0.0,0.0,0.0,0.0,1.0,0.0,0.0,0.0,0.0,1.0,1.0,0.0,0.6953063319712655,0.43915700544091263,-0.654523102997609,0.5917545243743678,0.7922520641935435,0.7609977384311979
0.0,0.0,1.0,0.0,0.0,0.0,0.0,1.0,0.0,0.0,0.0,1.0,0.0,0.0,0.0,0.0,1.0,0.0,0.0,1.0,0.6953063319712655,-1.3166147511403041,-0.654523102997609,1.1861906062994831,-0.45264658757320114,-0.039659759705446565
0.0,0.0,0.0,0.0,0.0,1.0,0.0,0.0,0.0,0.0,1.0,1.0,0.0,0.0,0.0,0.0,1.0,0.0,0.0,1.0,0.6953063319712655,0.43915700544091263,-0.654523102997609,0.5917545243743678,-1.3556222728064462,0.6720357941937929
1.0,0.0,0.0,0.0,0.0,0.0,0.0,1.0,0.0,0.0,0.0,0.0,1.0,0.0,0.0,0.0,1.0,0.0,1.0,0.0,0.6953063319712655,1.317042883731521,2.647481135399727,1.7806266882245982,0.8665371760422043,-0.3955075366550663
0.0,0.0,0.0,0.0,0.0,1.0,0.0,0.0,1.0,0.0,0.0,0.0,0.0,0.0,0.0,1.0,0.0,1.0,1.0,0.0,0.6953063319712655,0.43915700544091263,-0.654523102997609,-0.0026815575507474062,-0.6734377485439238,0.4051499614815781
1.0,0.0,0.0,0.0,0.0,0.0,0.0,0.0,1.0,0.0,0.0,0.0,0.0,1.0,0.0,0.0,1.0,0.0,1.0,0.0,0.6953063319712655,-1.3166147511403041,0.005877744681858218,-0.5971176394758626,-1.4415120734257718,-1.5520128117413305
0.0,0.0,0.0,0.0,1.0,0.0,0.0,0.0,1.0,0.0,0.0,0.0,0.0,0.0,1.0,0.0,0.0,1.0,1.0,0.0,0.6953063319712655,1.317042883731521,1.9870802877202598,1.1861906062994831,1.5995708788659921,0.583073849956388
0.0,0.0,0.0,1.0,0.0,0.0,0.0,0.0,0.0,1.0,0.0,0.0,0.0,1.0,0.0,0.0,1.0,0.0,1.0,0.0,0.6953063319712655,-1.3166147511403041,-0.654523102997609,-0.5971176394758626,-1.3525260109435573,1.828541069280057
0.0,0.0,0.0,0.0,0.0,1.0,0.0,0.0,0.0,0.0,1.0,0.0,0.0,0.0,0.0,1.0,1.0,0.0,0.0,1.0,-1.4382150054130662,0.43915700544091263,-0.654523102997609,-0.0026815575507474062,-0.5370260165520933,0.6720357941937929
1.0,0.0,0.0,0.0,0.0,0.0,1.0,0.0,0.0,0.0,0.0,0.0,0.0,0.0,1.0,0.0,1.0,0.0,1.0,0.0,0.6953063319712655,2.1949287620221294,2.647481135399727,1.7806266882245982,0.10410157195130834,-0.4844694808924712
1.0,0.0,0.0,0.0,0.0,0.0,1.0,0.0,0.0,0.0,0.0,0.0,1.0,0.0,0.0,0.0,0.0,1.0,1.0,0.0,0.6953063319712655,0.43915700544091263,-0.654523102997609,-0.0026815575507474062,0.10687058662543666,2.1843888462296768
0.0,0.0,1.0,0.0,0.0,0.0,0.0,0.0,0.0,0.0,1.0,0.0,0.0,1.0,0.0,0.0,1.0,0.0,0.0,1.0,-1.4382150054130662,0.43915700544091263,-0.654523102997609,-1.191553721400978,-1.5301708887192258,-1.1961650347917108
0.0,0.0,1.0,0.0,0.0,0.0,1.0,0.0,0.0,0.0,0.0,0.0,0.0,0.0,1.0,0.0,1.0,0.0,0.0,1.0,-1.4382150054130662,-1.3166147511403041,-0.654523102997609,-1.191553721400978,-0.5108462414512437,-0.3955075366550663
0.0,0.0,0.0,0.0,0.0,1.0,1.0,0.0,0.0,0.0,0.0,0.0,0.0,0.0,0.0,1.0,1.0,0.0,0.0,1.0,-1.4382150054130662,-0.4387288728496957,0.6662785923613255,-0.0026815575507474062,-0.7037710456559658,-0.4844694808924712
0.0,0.0,0.0,1.0,0.0,0.0,1.0,0.0,0.0,0.0,0.0,0.0,0.0,1.0,0.0,0.0,0.0,1.0,1.0,0.0,-1.4382150054130662,-1.3166147511403041,-0.654523102997609,-0.5971176394758626,-1.535381670878722,0.049302184531958365
0.0,0.0,0.0,0.0,0.0,1.0,0.0,0.0,0.0,1.0,0.0,0.0,0.0,0.0,0.0,1.0,1.0,0.0,1.0,0.0,0.6953063319712655,-0.4387288728496957,-0.654523102997609,-0.5971176394758626,-0.054537796015570475,0.049302184531958365
0.0,0.0,0.0,1.0,0.0,0.0,0.0,0.0,0.0,1.0,0.0,1.0,0.0,0.0,0.0,0.0,1.0,0.0,0.0,1.0,0.6953063319712655,0.43915700544091263,0.6662785923613255,-0.0026815575507474062,-0.990565447313638,-0.751355313604686
0.0,0.0,0.0,0.0,0.0,1.0,0.0,0.0,0.0,0.0,1.0,0.0,0.0,0.0,0.0,1.0,0.0,1.0,1.0,0.0,0.6953063319712655,0.43915700544091263,-0.654523102997609,-0.0026815575507474062,0.35691261169922395,0.6720357941937929
0.0,0.0,0.0,0.0,0.0,1.0,1.0,0.0,0.0,0.0,0.0,0.0,1.0,0.0,0.0,0.0,0.0,1.0,1.0,0.0,0.6953063319712655,1.317042883731521,-0.654523102997609,1.7806266882245982,0.7523782528860957,1.3837313480930324
0.0,0.0,0.0,1.0,0.0,0.0,1.0,0.0,0.0,0.0,0.0,0.0,0.0,0.0,1.0,0.0,0.0,1.0,1.0,0.0,0.6953063319712655,-1.3166147511403041,-0.654523102997609,-1.191553721400978,-0.37166549478528477,-0.3955075366550663
0.0,0.0,0.0,0.0,0.0,1.0,0.0,1.0,0.0,0.0,0.0,0.0,1.0,0.0,0.0,0.0,0.0,1.0,1.0,0.0,0.6953063319712655,0.43915700544091263,-0.654523102997609,0.5917545243743678,1.0421682249639614,0.7609977384311979
0.0,0.0,0.0,0.0,0.0,1.0,1.0,0.0,0.0,0.0,0.0,0.0,1.0,0.0,0.0,0.0,1.0,0.0,1.0,0.0,0.6953063319712655,2.1949287620221294,1.3266794400407924,0.5917545243743678,1.5337690210644337,1.917503013517462
0.0,0.0,1.0,0.0,0.0,0.0,0.0,0.0,0.0,0.0,1.0,0.0,0.0,0.0,0.0,1.0,1.0,0.0,1.0,0.0,0.6953063319712655,0.43915700544091263,0.6662785923613255,1.7806266882245982,-0.22143386228348647,0.8499596826686028
0.0,0.0,0.0,0.0,0.0,1.0,0.0,1.0,0.0,0.0,0.0,0.0,0.0,0.0,1.0,0.0,1.0,0.0,0.0,1.0,0.6953063319712655,-1.3166147511403041,-0.654523102997609,-0.5971176394758626,0.3843006841124204,-0.6623933693672811
0.0,0.0,1.0,0.0,0.0,0.0,1.0,0.0,0.0,0.0,0.0,0.0,0.0,0.0,1.0,0.0,0.0,1.0,1.0,0.0,0.6953063319712655,-1.3166147511403041,-0.654523102997609,-1.191553721400978,-0.49662357517049366,-0.3955075366550663
0.0,1.0,0.0,0.0,0.0,0.0,0.0,1.0,0.0,0.0,0.0,0.0,1.0,0.0,0.0,0.0,1.0,0.0,1.0,0.0,0.6953063319712655,0.43915700544091263,-0.654523102997609,1.7806266882245982,0.7138386031943643,2.0064649577548668
0.0,1.0,0.0,0.0,0.0,0.0,1.0,0.0,0.0,0.0,0.0,0.0,1.0,0.0,0.0,0.0,1.0,0.0,0.0,1.0,0.6953063319712655,-0.4387288728496957,1.9870802877202598,1.1861906062994831,0.8506782738176512,-0.5734314251298762
0.0,0.0,0.0,0.0,0.0,1.0,0.0,0.0,0.0,1.0,0.0,0.0,0.0,0.0,1.0,0.0,1.0,0.0,1.0,0.0,0.6953063319712655,-0.4387288728496957,0.005877744681858218,-0.0026815575507474062,-0.20937606202069134,1.2947694038556274
1.0,0.0,0.0,0.0,0.0,0.0,0.0,0.0,1.0,0.0,0.0,0.0,0.0,0.0,0.0,1.0,0.0,1.0,1.0,0.0,0.6953063319712655,0.43915700544091263,-0.654523102997609,-0.0026815575507474062,0.13224483018472163,0.4051499614815781
0.0,0.0,0.0,0.0,1.0,0.0,0.0,0.0,0.0,1.0,0.0,0.0,0.0,1.0,0.0,0.0,1.0,0.0,0.0,1.0,0.6953063319712655,-1.3166147511403041,-0.654523102997609,-0.5971176394758626,-1.465652846812036,0.4051499614815781
1.0,0.0,0.0,0.0,0.0,0.0,0.0,0.0,0.0,1.0,0.0,0.0,0.0,0.0,0.0,1.0,0.0,1.0,0.0,1.0,0.6953063319712655,0.43915700544091263,-0.654523102997609,-0.0026815575507474062,0.7910689397418705,0.583073849956388
0.0,0.0,0.0,0.0,0.0,1.0,1.0,0.0,0.0,0.0,0.0,0.0,0.0,0.0,1.0,0.0,0.0,1.0,1.0,0.0,0.6953063319712655,-0.4387288728496957,1.9870802877202598,1.7806266882245982,0.890980023756555,0.22722607300676823
0.0,0.0,0.0,0.0,0.0,1.0,0.0,0.0,1.0,0.0,0.0,0.0,0.0,0.0,1.0,0.0,0.0,1.0,1.0,0.0,-1.4382150054130662,0.43915700544091263,-0.654523102997609,-0.0026815575507474062,0.5378551342231727,0.583073849956388
1.0,0.0,0.0,0.0,0.0,0.0,0.0,0.0,0.0,1.0,0.0,0.0,1.0,0.0,0.0,0.0,1.0,0.0,1.0,0.0,0.6953063319712655,1.317042883731521,2.647481135399727,1.7806266882245982,1.3437139229765354,-0.9292792020794959
0.0,0.0,0.0,0.0,0.0,1.0,1.0,0.0,0.0,0.0,0.0,0.0,0.0,0.0,1.0,0.0,0.0,1.0,0.0,1.0,0.6953063319712655,0.43915700544091263,0.6662785923613255,1.1861906062994831,0.37556570145857926,-0.1286217039428515
1.0,0.0,0.0,0.0,0.0,0.0,1.0,0.0,0.0,0.0,0.0,0.0,1.0,0.0,0.0,0.0,0.0,1.0,0.0,1.0,0.6953063319712655,-0.4387288728496957,-0.654523102997609,-0.0026815575507474062,-0.2595455733437617,0.7609977384311979
0.0,0.0,0.0,1.0,0.0,0.0,0.0,0.0,0.0,1.0,0.0,1.0,0.0,0.0,0.0,0.0,1.0,0.0,0.0,1.0,-1.4382150054130662,-0.4387288728496957,1.3266794400407924,0.5917545243743678,-0.8606986590970199,-1.5520128117413305
0.0,0.0,0.0,0.0,0.0,1.0,0.0,0.0,0.0,1.0,0.0,0.0,0.0,0.0,0.0,1.0,0.0,1.0,1.0,0.0,0.6953063319712655,-0.4387288728496957,-0.654523102997609,-0.5971176394758626,-0.21564410432849088,0.049302184531958365
0.0,0.0,0.0,0.0,1.0,0.0,0.0,0.0,1.0,0.0,0.0,0.0,0.0,1.0,0.0,0.0,0.0,1.0,0.0,1.0,-1.4382150054130662,0.43915700544091263,0.005877744681858218,-0.5971176394758626,-1.5623166317997883,-0.751355313604686
0.0,0.0,0.0,0.0,0.0,1.0,1.0,0.0,0.0,0.0,0.0,0.0,0.0,0.0,0.0,1.0,0.0,1.0,0.0,1.0,-1.4382150054130662,0.43915700544091263,1.9870802877202598,1.1861906062994831,0.5295480902007877,-0.21758364818025644
1.0,0.0,0.0,0.0,0.0,0.0,0.0,0.0,0.0,1.0,0.0,0.0,0.0,0.0,0.0,1.0,1.0,0.0,0.0,1.0,-1.4382150054130662,-0.4387288728496957,-0.654523102997609,-0.5971176394758626,-0.31638589274541395,0.049302184531958365
0.0,0.0,0.0,0.0,0.0,1.0,0.0,0.0,0.0,1.0,0.0,0.0,0.0,0.0,0.0,1.0,1.0,0.0,0.0,1.0,-1.4382150054130662,-0.4387288728496957,-0.654523102997609,-1.191553721400978,-0.0015489242970239952,-0.4844694808924712
1.0,0.0,0.0,0.0,0.0,0.0,1.0,0.0,0.0,0.0,0.0,0.0,0.0,0.0,1.0,0.0,0.0,1.0,0.0,1.0,-1.4382150054130662,1.317042883731521,-0.654523102997609,-1.191553721400978,0.7237063645785307,-1.2851269790291155
0.0,0.0,0.0,0.0,0.0,1.0,1.0,0.0,0.0,0.0,0.0,0.0,0.0,0.0,0.0,1.0,1.0,0.0,1.0,0.0,0.6953063319712655,-0.4387288728496957,-0.654523102997609,-0.5971176394758626,-0.6848914001505455,0.7609977384311979
0.0,0.0,1.0,0.0,0.0,0.0,0.0,0.0,1.0,0.0,0.0,0.0,0.0,0.0,1.0,0.0,1.0,0.0,1.0,0.0,-1.4382150054130662,0.43915700544091263,0.005877744681858218,1.7806266882245982,-0.21629859870601212,1.5616552365678422
0.0,0.0,0.0,0.0,1.0,0.0,0.0,1.0,0.0,0.0,0.0,0.0,0.0,0.0,0.0,1.0,0.0,1.0,0.0,1.0,-1.4382150054130662,-1.3166147511403041,-0.654523102997609,-1.191553721400978,1.0007840420160798,-0.3955075366550663
0.0,0.0,0.0,1.0,0.0,0.0,1.0,0.0,0.0,0.0,0.0,1.0,0.0,0.0,0.0,0.0,0.0,1.0,0.0,1.0,0.6953063319712655,-0.4387288728496957,0.005877744681858218,-0.5971176394758626,-0.45211795749904937,-0.4844694808924712
0.0,0.0,0.0,0.0,1.0,0.0,0.0,1.0,0.0,0.0,0.0,0.0,0.0,0.0,0.0,1.0,1.0,0.0,0.0,1.0,0.6953063319712655,-1.3166147511403041,-0.654523102997609,-1.191553721400978,-0.4866047766222839,-1.0182411463169008
0.0,0.0,0.0,0.0,0.0,1.0,0.0,0.0,0.0,1.0,0.0,0.0,0.0,0.0,0.0,1.0,0.0,1.0,0.0,1.0,-1.4382150054130662,0.43915700544091263,-0.654523102997609,-1.191553721400978,0.36751038604293323,-1.4630508675039255
0.0,0.0,0.0,1.0,0.0,0.0,1.0,0.0,0.0,0.0,0.0,0.0,1.0,0.0,0.0,0.0,1.0,0.0,1.0,0.0,-1.4382150054130662,2.1949287620221294,1.9870802877202598,1.1861906062994831,1.58585166979872,1.3837313480930324
0.0,0.0,0.0,0.0,0.0,1.0,1.0,0.0,0.0,0.0,0.0,0.0,0.0,0.0,0.0,1.0,1.0,0.0,0.0,1.0,-1.4382150054130662,-1.3166147511403041,0.6662785923613255,-0.0026815575507474062,-0.013354995953080194,-0.6623933693672811
1.0,0.0,0.0,0.0,0.0,0.0,0.0,0.0,0.0,1.0,0.0,0.0,0.0,1.0,0.0,0.0,0.0,1.0,0.0,1.0,-1.4382150054130662,-0.4387288728496957,-0.654523102997609,-1.191553721400978,-1.4729529764074654,-1.6409747559787353
0.0,0.0,0.0,0.0,0.0,1.0,0.0,0.0,1.0,0.0,0.0,0.0,0.0,0.0,1.0,0.0,1.0,0.0,1.0,0.0,0.6953063319712655,0.43915700544091263,-0.654523102997609,1.1861906062994831,-0.3095388746421148,1.2947694038556274
0.0,0.0,0.0,0.0,0.0,1.0,0.0,0.0,0.0,1.0,0.0,0.0,0.0,0.0,1.0,0.0,1.0,0.0,1.0,0.0,0.6953063319712655,0.43915700544091263,0.005877744681858218,-0.0026815575507474062,-0.07301467575020854,0.9389216269060077
0.0,0.0,0.0,0.0,1.0,0.0,0.0,0.0,0.0,1.0,0.0,0.0,0.0,0.0,1.0,0.0,1.0,0.0,0.0,1.0,-1.4382150054130662,1.317042883731521,1.9870802877202598,1.1861906062994831,1.657669841301339,0.49411190571898306
0.0,0.0,0.0,1.0,0.0,0.0,0.0,0.0,1.0,0.0,0.0,0.0,0.0,1.0,0.0,0.0,0.0,1.0,0.0,1.0,0.6953063319712655,-1.3166147511403041,0.6662785923613255,-0.0026815575507474062,-1.4133688151923587,-0.3065455924176614
0.0,1.0,0.0,0.0,0.0,0.0,0.0,1.0,0.0,0.0,0.0,0.0,0.0,0.0,0.0,1.0,0.0,1.0,1.0,0.0,0.6953063319712655,-1.3166147511403041,0.005877744681858218,-0.5971176394758626,-0.1894643292276413,-0.751355313604686
0.0,0.0,0.0,1.0,0.0,0.0,0.0,0.0,0.0,1.0,0.0,1.0,0.0,0.0,0.0,0.0,0.0,1.0,0.0,1.0,0.6953063319712655,-0.4387288728496957,0.6662785923613255,-0.0026815575507474062,-0.6259617333129601,-0.751355313604686
0.0,0.0,0.0,0.0,0.0,1.0,0.0,1.0,0.0,0.0,0.0,0.0,1.0,0.0,0.0,0.0,1.0,0.0,1.0,0.0,0.6953063319712655,0.43915700544091263,-0.654523102997609,0.5917545243743678,0.8554107716243431,2.0064649577548668
0.0,0.0,0.0,0.0,0.0,1.0,0.0,0.0,1.0,0.0,0.0,0.0,0.0,0.0,0.0,1.0,0.0,1.0,1.0,0.0,0.6953063319712655,0.43915700544091263,-0.654523102997609,-1.191553721400978,-0.7209137637748876,-1.2851269790291155
0.0,0.0,0.0,1.0,0.0,0.0,1.0,0.0,0.0,0.0,0.0,0.0,0.0,1.0,0.0,0.0,0.0,1.0,1.0,0.0,0.6953063319712655,-1.3166147511403041,-0.654523102997609,-0.5971176394758626,-1.254930830110871,0.31618801724417317
0.0,0.0,0.0,0.0,0.0,1.0,0.0,0.0,0.0,1.0,0.0,0.0,0.0,0.0,1.0,0.0,0.0,1.0,1.0,0.0,0.6953063319712655,1.317042883731521,0.6662785923613255,-0.0026815575507474062,0.8374876948245308,-0.039659759705446565
0.0,0.0,0.0,0.0,1.0,0.0,0.0,0.0,0.0,0.0,1.0,0.0,0.0,1.0,0.0,0.0,0.0,1.0,1.0,0.0,0.6953063319712655,0.43915700544091263,-0.654523102997609,-1.191553721400978,-1.1414767470536316,-0.840317257842091
0.0,0.0,0.0,1.0,0.0,0.0,0.0,0.0,1.0,0.0,0.0,0.0,0.0,1.0,0.0,0.0,0.0,1.0,0.0,1.0,0.6953063319712655,-0.4387288728496957,1.3266794400407924,0.5917545243743678,-1.4973706512611422,-0.4844694808924712
0.0,0.0,0.0,0.0,0.0,1.0,1.0,0.0,0.0,0.0,0.0,0.0,0.0,0.0,0.0,1.0,0.0,1.0,1.0,0.0,0.6953063319712655,-1.3166147511403041,0.005877744681858218,-0.5971176394758626,0.5315619190546992,-0.9292792020794959
0.0,0.0,0.0,0.0,0.0,1.0,1.0,0.0,0.0,0.0,0.0,0.0,0.0,0.0,1.0,0.0,1.0,0.0,0.0,1.0,-1.4382150054130662,-0.4387288728496957,-0.654523102997609,-1.191553721400978,-0.3930372534974206,-0.21758364818025644
1.0,0.0,0.0,0.0,0.0,0.0,0.0,0.0,0.0,1.0,0.0,1.0,0.0,0.0,0.0,0.0,0.0,1.0,1.0,0.0,-1.4382150054130662,0.43915700544091263,-0.654523102997609,-0.0026815575507474062,-0.5061389165052255,1.2947694038556274
0.0,0.0,0.0,0.0,0.0,1.0,0.0,0.0,0.0,1.0,0.0,0.0,0.0,0.0,1.0,0.0,0.0,1.0,0.0,1.0,0.6953063319712655,-1.3166147511403041,0.005877744681858218,-0.0026815575507474062,0.49556472829103104,1.1168455153808177
0.0,0.0,1.0,0.0,0.0,0.0,0.0,0.0,1.0,0.0,0.0,0.0,0.0,0.0,1.0,0.0,1.0,0.0,1.0,0.0,0.6953063319712655,1.317042883731521,0.005877744681858218,1.1861906062994831,0.45780543728019035,0.9389216269060077
0.0,0.0,0.0,1.0,0.0,0.0,1.0,0.0,0.0,0.0,0.0,1.0,0.0,0.0,0.0,0.0,1.0,0.0,0.0,1.0,-1.4382150054130662,-1.3166147511403041,-0.654523102997609,-0.5971176394758626,-0.8660353055598854,-0.6623933693672811
0.0,0.0,0.0,0.0,1.0,0.0,0.0,0.0,0.0,1.0,0.0,0.0,0.0,1.0,0.0,0.0,0.0,1.0,0.0,1.0,0.6953063319712655,-1.3166147511403041,-0.654523102997609,-0.5971176394758626,-1.5835373533478807,0.4051499614815781
0.0,0.0,0.0,0.0,0.0,1.0,0.0,1.0,0.0,0.0,0.0,0.0,0.0,0.0,1.0,0.0,1.0,0.0,0.0,1.0,-1.4382150054130662,-1.3166147511403041,0.6662785923613255,0.5917545243743678,0.4066541843908381,-0.1286217039428515
0.0,0.0,0.0,1.0,0.0,0.0,1.0,0.0,0.0,0.0,0.0,1.0,0.0,0.0,0.0,0.0,1.0,0.0,1.0,0.0,-1.4382150054130662,-1.3166147511403041,-0.654523102997609,-1.191553721400978,-0.5599584926260105,-0.4844694808924712
0.0,0.0,1.0,0.0,0.0,0.0,1.0,0.0,0.0,0.0,0.0,1.0,0.0,0.0,0.0,0.0,0.0,1.0,1.0,0.0,0.6953063319712655,-1.3166147511403041,-0.654523102997609,-0.5971176394758626,-0.28134527068735377,-0.5734314251298762
0.0,1.0,0.0,0.0,0.0,0.0,0.0,0.0,0.0,0.0,1.0,1.0,0.0,0.0,0.0,0.0,0.0,1.0,0.0,1.0,-1.4382150054130662,0.43915700544091263,-0.654523102997609,-1.191553721400978,-0.4063788696545843,-1.5520128117413305
0.0,0.0,0.0,1.0,0.0,0.0,0.0,1.0,0.0,0.0,0.0,0.0,1.0,0.0,0.0,0.0,1.0,0.0,0.0,1.0,-1.4382150054130662,2.1949287620221294,1.3266794400407924,0.5917545243743678,1.23164434725636,1.5616552365678422
0.0,0.0,0.0,0.0,0.0,1.0,0.0,0.0,0.0,1.0,0.0,0.0,0.0,0.0,1.0,0.0,0.0,1.0,0.0,1.0,0.6953063319712655,-0.4387288728496957,0.005877744681858218,-0.0026815575507474062,0.44005857050509517,1.2947694038556274
0.0,0.0,0.0,0.0,0.0,1.0,0.0,1.0,0.0,0.0,0.0,0.0,0.0,0.0,1.0,0.0,1.0,0.0,1.0,0.0,0.6953063319712655,1.317042883731521,2.647481135399727,1.7806266882245982,0.3724694395956903,0.22722607300676823
0.0,0.0,0.0,0.0,1.0,0.0,1.0,0.0,0.0,0.0,0.0,0.0,0.0,0.0,0.0,1.0,1.0,0.0,1.0,0.0,0.6953063319712655,-1.3166147511403041,0.005877744681858218,-0.5971176394758626,-0.7603596364508791,-1.1961650347917108
0.0,0.0,0.0,1.0,0.0,0.0,0.0,0.0,0.0,0.0,1.0,0.0,0.0,1.0,0.0,0.0,1.0,0.0,0.0,1.0,0.6953063319712655,0.43915700544091263,0.6662785923613255,0.5917545243743678,-1.5510643630785577,-0.1286217039428515
0.0,0.0,0.0,0.0,0.0,1.0,0.0,1.0,0.0,0.0,0.0,0.0,1.0,0.0,0.0,0.0,1.0,0.0,1.0,0.0,0.6953063319712655,0.43915700544091263,-0.654523102997609,0.5917545243743678,-0.521922300147757,2.1843888462296768
0.0,0.0,1.0,0.0,0.0,0.0,1.0,0.0,0.0,0.0,0.0,0.0,1.0,0.0,0.0,0.0,0.0,1.0,1.0,0.0,0.6953063319712655,1.317042883731521,1.9870802877202598,1.1861906062994831,1.2893657167815986,0.7609977384311979
0.0,0.0,0.0,0.0,0.0,1.0,0.0,0.0,0.0,1.0,0.0,0.0,0.0,0.0,1.0,0.0,1.0,0.0,1.0,0.0,-1.4382150054130662,2.1949287620221294,1.3266794400407924,0.5917545243743678,1.3906613081333474,0.1382641287693633
1.0,0.0,0.0,0.0,0.0,0.0,0.0,0.0,1.0,0.0,0.0,0.0,0.0,0.0,0.0,1.0,1.0,0.0,1.0,0.0,0.6953063319712655,0.43915700544091263,-0.654523102997609,-0.0026815575507474062,0.0782238711785455,0.583073849956388
0.0,0.0,0.0,0.0,0.0,1.0,0.0,0.0,0.0,0.0,1.0,0.0,0.0,0.0,0.0,1.0,0.0,1.0,0.0,1.0,-1.4382150054130662,0.43915700544091263,-0.654523102997609,-0.0026815575507474062,0.909985533565345,0.49411190571898306
0.0,0.0,1.0,0.0,0.0,0.0,1.0,0.0,0.0,0.0,0.0,0.0,1.0,0.0,0.0,0.0,0.0,1.0,0.0,1.0,-1.4382150054130662,2.1949287620221294,1.9870802877202598,1.1861906062994831,1.252537821615692,0.7609977384311979
0.0,0.0,0.0,0.0,0.0,1.0,0.0,0.0,0.0,1.0,0.0,0.0,0.0,0.0,0.0,1.0,0.0,1.0,1.0,0.0,-1.4382150054130662,0.43915700544091263,-0.654523102997609,-1.191553721400978,0.21843670513213406,-1.3740889232665205
1.0,0.0,0.0,0.0,0.0,0.0,0.0,0.0,0.0,1.0,0.0,1.0,0.0,0.0,0.0,0.0,1.0,0.0,1.0,0.0,-1.4382150054130662,0.43915700544091263,-0.654523102997609,-0.0026815575507474062,-0.809471887625646,2.0064649577548668
0.0,0.0,0.0,0.0,0.0,1.0,0.0,0.0,1.0,0.0,0.0,0.0,0.0,0.0,0.0,1.0,0.0,1.0,0.0,1.0,-1.4382150054130662,0.43915700544091263,-0.654523102997609,-1.191553721400978,-0.5255220192241238,-1.1961650347917108
0.0,0.0,0.0,0.0,0.0,1.0,1.0,0.0,0.0,0.0,0.0,0.0,1.0,0.0,0.0,0.0,1.0,0.0,1.0,0.0,0.6953063319712655,-1.3166147511403041,1.3266794400407924,1.1861906062994831,0.7300499254683519,-0.1286217039428515
0.0,0.0,0.0,0.0,0.0,1.0,0.0,0.0,0.0,1.0,0.0,0.0,0.0,0.0,0.0,1.0,0.0,1.0,0.0,1.0,-1.4382150054130662,-0.4387288728496957,-0.654523102997609,-1.191553721400978,-0.794770936992092,-1.3740889232665205
0.0,0.0,0.0,0.0,1.0,0.0,0.0,0.0,0.0,1.0,0.0,1.0,0.0,0.0,0.0,0.0,1.0,0.0,0.0,1.0,0.6953063319712655,1.317042883731521,1.9870802877202598,1.1861906062994831,-0.8941785637932986,-1.4630508675039255
1.0,0.0,0.0,0.0,0.0,0.0,1.0,0.0,0.0,0.0,0.0,0.0,0.0,0.0,1.0,0.0,1.0,0.0,0.0,1.0,-1.4382150054130662,-0.4387288728496957,0.6662785923613255,-0.0026815575507474062,0.21999742249391546,-0.5734314251298762
0.0,0.0,0.0,0.0,0.0,1.0,0.0,0.0,0.0,0.0,1.0,0.0,0.0,0.0,0.0,1.0,1.0,0.0,0.0,1.0,-1.4382150054130662,0.43915700544091263,-0.654523102997609,-0.0026815575507474062,-0.10299555281281607,0.6720357941937929
1.0,0.0,0.0,0.0,0.0,0.0,1.0,0.0,0.0,0.0,0.0,0.0,0.0,0.0,1.0,0.0,0.0,1.0,0.0,1.0,-1.4382150054130662,0.43915700544091263,-0.654523102997609,-1.191553721400978,0.5987986299146696,-0.1286217039428515
0.0,0.0,0.0,0.0,0.0,1.0,1.0,0.0,0.0,0.0,0.0,0.0,1.0,0.0,0.0,0.0,0.0,1.0,0.0,1.0,-1.4382150054130662,1.317042883731521,0.6662785923613255,-0.0026815575507474062,2.212655900578676,-0.3065455924176614
0.0,0.0,0.0,0.0,0.0,1.0,0.0,0.0,0.0,1.0,0.0,0.0,0.0,0.0,1.0,0.0,1.0,0.0,1.0,0.0,0.6953063319712655,0.43915700544091263,0.005877744681858218,1.1861906062994831,-0.0857521432511988,1.1168455153808177
1.0,0.0,0.0,0.0,0.0,0.0,1.0,0.0,0.0,0.0,0.0,0.0,0.0,0.0,1.0,0.0,1.0,0.0,0.0,1.0,-1.4382150054130662,2.1949287620221294,2.647481135399727,1.7806266882245982,1.2042311019824898,-0.3955075366550663
0.0,0.0,1.0,0.0,0.0,0.0,0.0,1.0,0.0,0.0,0.0,1.0,0.0,0.0,0.0,0.0,1.0,0.0,0.0,1.0,-1.4382150054130662,-1.3166147511403041,-0.654523102997609,-1.191553721400978,-0.3636353522303126,-0.6623933693672811
0.0,0.0,0.0,0.0,0.0,1.0,1.0,0.0,0.0,0.0,0.0,0.0,1.0,0.0,0.0,0.0,0.0,1.0,1.0,0.0,0.6953063319712655,1.317042883731521,-0.654523102997609,-0.0026815575507474062,1.135937130974216,-0.5734314251298762
0.0,0.0,0.0,0.0,0.0,1.0,0.0,0.0,0.0,1.0,0.0,1.0,0.0,0.0,0.0,0.0,0.0,1.0,0.0,1.0,-1.4382150054130662,-0.4387288728496957,-0.654523102997609,-0.0026815575507474062,-0.803304536760542,0.31618801724417317
0.0,0.0,0.0,0.0,0.0,1.0,0.0,0.0,0.0,1.0,0.0,0.0,0.0,0.0,1.0,0.0,0.0,1.0,1.0,0.0,0.6953063319712655,-1.3166147511403041,0.6662785923613255,0.5917545243743678,0.5027641664437646,0.4051499614815781
1.0,0.0,0.0,0.0,0.0,0.0,1.0,0.0,0.0,0.0,0.0,1.0,0.0,0.0,0.0,0.0,1.0,0.0,1.0,0.0,0.6953063319712655,-1.3166147511403041,-0.654523102997609,-1.191553721400978,-1.268901767784882,-1.4630508675039255
0.0,0.0,0.0,0.0,1.0,0.0,0.0,0.0,0.0,0.0,1.0,0.0,0.0,0.0,1.0,0.0,0.0,1.0,1.0,0.0,-1.4382150054130662,2.1949287620221294,1.9870802877202598,1.1861906062994831,2.0506181964208214,0.49411190571898306
0.0,0.0,0.0,0.0,0.0,1.0,0.0,0.0,0.0,1.0,0.0,0.0,0.0,0.0,1.0,0.0,1.0,0.0,0.0,1.0,0.6953063319712655,-0.4387288728496957,-0.654523102997609,-0.0026815575507474062,0.7081243638213904,0.4051499614815781
0.0,0.0,0.0,1.0,0.0,0.0,0.0,0.0,1.0,0.0,0.0,0.0,0.0,1.0,0.0,0.0,0.0,1.0,0.0,1.0,0.6953063319712655,1.317042883731521,2.647481135399727,1.7806266882245982,-1.1943145816081346,-1.5520128117413305
0.0,0.0,0.0,0.0,0.0,1.0,0.0,0.0,1.0,0.0,0.0,0.0,0.0,0.0,0.0,1.0,0.0,1.0,1.0,0.0,0.6953063319712655,-0.4387288728496957,-0.654523102997609,-1.191553721400978,-0.5201350270399104,-1.1961650347917108
0.0,0.0,0.0,0.0,0.0,1.0,0.0,0.0,0.0,1.0,0.0,0.0,0.0,0.0,1.0,0.0,0.0,1.0,1.0,0.0,0.6953063319712655,0.43915700544091263,0.005877744681858218,-0.0026815575507474062,0.3054844573424589,1.2058074596182224
0.0,0.0,1.0,0.0,0.0,0.0,0.0,0.0,1.0,0.0,0.0,0.0,0.0,0.0,1.0,0.0,1.0,0.0,1.0,0.0,0.6953063319712655,1.317042883731521,0.005877744681858218,1.7806266882245982,0.05375585060352071,1.4726932923304372
0.0,0.0,0.0,0.0,0.0,1.0,0.0,0.0,0.0,1.0,0.0,0.0,0.0,0.0,0.0,1.0,0.0,1.0,1.0,0.0,0.6953063319712655,-0.4387288728496957,-0.654523102997609,-1.191553721400978,-0.8298115590501521,-1.1072030905543058
0.0,0.0,0.0,0.0,1.0,0.0,0.0,0.0,0.0,0.0,1.0,0.0,0.0,1.0,0.0,0.0,0.0,1.0,0.0,1.0,-1.4382150054130662,0.43915700544091263,-0.654523102997609,-1.191553721400978,-1.6338327289743206,-1.6409747559787353
0.0,0.0,1.0,0.0,0.0,0.0,0.0,0.0,1.0,0.0,0.0,0.0,0.0,1.0,0.0,0.0,1.0,0.0,0.0,1.0,0.6953063319712655,-1.3166147511403041,0.6662785923613255,-0.0026815575507474062,-1.6808304598524804,-0.751355313604686
0.0,0.0,0.0,0.0,1.0,0.0,0.0,0.0,0.0,0.0,1.0,0.0,0.0,1.0,0.0,0.0,1.0,0.0,0.0,1.0,-1.4382150054130662,0.43915700544091263,-0.654523102997609,-1.191553721400978,-1.5769924095726684,-0.840317257842091
0.0,0.0,0.0,0.0,0.0,1.0,0.0,0.0,0.0,1.0,0.0,0.0,0.0,0.0,0.0,1.0,0.0,1.0,0.0,1.0,0.6953063319712655,0.43915700544091263,-0.654523102997609,-1.191553721400978,0.21033104399514024,-1.1961650347917108
0.0,0.0,0.0,1.0,0.0,0.0,1.0,0.0,0.0,0.0,0.0,1.0,0.0,0.0,0.0,0.0,1.0,0.0,1.0,0.0,0.6953063319712655,-1.3166147511403041,-0.654523102997609,-0.5971176394758626,-0.8477598087106385,1.6506171808052472
1.0,0.0,0.0,0.0,0.0,0.0,1.0,0.0,0.0,0.0,0.0,0.0,1.0,0.0,0.0,0.0,1.0,0.0,0.0,1.0,-1.4382150054130662,1.317042883731521,-0.654523102997609,-0.5971176394758626,0.38895766333709075,0.31618801724417317
0.0,0.0,1.0,0.0,0.0,0.0,0.0,0.0,1.0,0.0,0.0,0.0,0.0,1.0,0.0,0.0,0.0,1.0,0.0,1.0,-1.4382150054130662,-0.4387288728496957,0.005877744681858218,-0.5971176394758626,-1.5850477249883144,0.22722607300676823
0.0,0.0,1.0,0.0,0.0,0.0,0.0,1.0,0.0,0.0,0.0,1.0,0.0,0.0,0.0,0.0,0.0,1.0,1.0,0.0,0.6953063319712655,-1.3166147511403041,-0.654523102997609,1.1861906062994831,0.015820349567962737,-0.039659759705446565
0.0,0.0,0.0,0.0,0.0,1.0,0.0,1.0,0.0,0.0,0.0,0.0,0.0,0.0,1.0,0.0,1.0,0.0,1.0,0.0,0.6953063319712655,-1.3166147511403041,-0.654523102997609,-0.5971176394758626,0.015593793821897692,-0.840317257842091
0.0,0.0,0.0,0.0,0.0,1.0,1.0,0.0,0.0,0.0,0.0,0.0,0.0,0.0,0.0,1.0,0.0,1.0,1.0,0.0,0.6953063319712655,-0.4387288728496957,0.005877744681858218,-0.5971176394758626,-0.5252702906173848,-0.751355313604686
0.0,0.0,0.0,0.0,0.0,1.0,0.0,1.0,0.0,0.0,0.0,0.0,0.0,0.0,1.0,0.0,0.0,1.0,1.0,0.0,0.6953063319712655,0.43915700544091263,2.647481135399727,1.7806266882245982,1.0610478704693818,-0.6623933693672811
0.0,0.0,1.0,0.0,0.0,0.0,1.0,0.0,0.0,0.0,0.0,1.0,0.0,0.0,0.0,0.0,0.0,1.0,1.0,0.0,0.6953063319712655,-1.3166147511403041,-0.654523102997609,-1.191553721400978,-0.5213684972129313,0.22722607300676823
0.0,0.0,0.0,0.0,0.0,1.0,1.0,0.0,0.0,0.0,0.0,0.0,1.0,0.0,0.0,0.0,0.0,1.0,0.0,1.0,-1.4382150054130662,2.1949287620221294,0.6662785923613255,-0.0026815575507474062,2.321201275804506,-0.039659759705446565
0.0,0.0,0.0,1.0,0.0,0.0,0.0,0.0,0.0,1.0,0.0,0.0,0.0,0.0,1.0,0.0,0.0,1.0,1.0,0.0,0.6953063319712655,0.43915700544091263,1.9870802877202598,1.1861906062994831,1.9838094241923072,0.4051499614815781
0.0,0.0,0.0,1.0,0.0,0.0,0.0,0.0,0.0,0.0,1.0,0.0,0.0,1.0,0.0,0.0,1.0,0.0,1.0,0.0,-1.4382150054130662,0.43915700544091263,-0.654523102997609,-1.191553721400978,-1.230060043765064,-1.2851269790291155
0.0,0.0,0.0,0.0,0.0,1.0,0.0,0.0,0.0,1.0,0.0,1.0,0.0,0.0,0.0,0.0,0.0,1.0,0.0,1.0,-1.4382150054130662,-0.4387288728496957,-0.654523102997609,-0.0026815575507474062,-0.8456201155533575,0.22722607300676823
0.0,0.0,1.0,0.0,0.0,0.0,0.0,0.0,0.0,1.0,0.0,0.0,0.0,1.0,0.0,0.0,1.0,0.0,1.0,0.0,0.6953063319712655,-1.3166147511403041,-0.654523102997609,-0.0026815575507474062,-1.5842925391680975,1.6506171808052472
1.0,0.0,0.0,0.0,0.0,0.0,1.0,0.0,0.0,0.0,0.0,0.0,0.0,0.0,1.0,0.0,1.0,0.0,0.0,1.0,-1.4382150054130662,-0.4387288728496957,-0.654523102997609,-1.191553721400978,0.16831753953041148,-0.21758364818025644
0.0,0.0,0.0,0.0,0.0,1.0,1.0,0.0,0.0,0.0,0.0,0.0,0.0,0.0,0.0,1.0,1.0,0.0,1.0,0.0,0.6953063319712655,-0.4387288728496957,0.005877744681858218,-0.5971176394758626,-0.7379306175904398,-0.751355313604686
0.0,0.0,0.0,0.0,0.0,1.0,0.0,1.0,0.0,0.0,0.0,0.0,1.0,0.0,0.0,0.0,0.0,1.0,0.0,1.0,0.6953063319712655,2.1949287620221294,1.3266794400407924,0.5917545243743678,2.4380033493313733,2.1843888462296768
0.0,0.0,0.0,0.0,0.0,1.0,1.0,0.0,0.0,0.0,0.0,0.0,0.0,0.0,0.0,1.0,0.0,1.0,1.0,0.0,-1.4382150054130662,0.43915700544091263,0.6662785923613255,1.1861906062994831,0.147096817982319,-0.21758364818025644
0.0,0.0,0.0,0.0,0.0,1.0,1.0,0.0,0.0,0.0,0.0,0.0,1.0,0.0,0.0,0.0,0.0,1.0,1.0,0.0,0.6953063319712655,1.317042883731521,-0.654523102997609,1.7806266882245982,0.3515004466543368,1.2947694038556274
1.0,0.0,0.0,0.0,0.0,0.0,1.0,0.0,0.0,0.0,0.0,1.0,0.0,0.0,0.0,0.0,1.0,0.0,0.0,1.0,-1.4382150054130662,-1.3166147511403041,-0.654523102997609,-1.191553721400978,-1.2459944645716385,-1.4630508675039255
0.0,0.0,1.0,0.0,0.0,0.0,0.0,0.0,0.0,1.0,0.0,0.0,0.0,0.0,1.0,0.0,1.0,0.0,0.0,1.0,-1.4382150054130662,1.317042883731521,1.9870802877202598,1.1861906062994831,1.4654750500561597,0.4051499614815781
1.0,0.0,0.0,0.0,0.0,0.0,0.0,1.0,0.0,0.0,0.0,0.0,1.0,0.0,0.0,0.0,0.0,1.0,1.0,0.0,0.6953063319712655,0.43915700544091263,2.647481135399727,1.7806266882245982,1.711942528914254,-0.4844694808924712
0.0,0.0,0.0,0.0,0.0,1.0,1.0,0.0,0.0,0.0,0.0,0.0,0.0,0.0,1.0,0.0,0.0,1.0,1.0,0.0,0.6953063319712655,-0.4387288728496957,1.9870802877202598,1.7806266882245982,0.08992925139190613,0.22722607300676823
0.0,0.0,0.0,0.0,0.0,1.0,1.0,0.0,0.0,0.0,0.0,0.0,1.0,0.0,0.0,0.0,1.0,0.0,0.0,1.0,-1.4382150054130662,1.317042883731521,0.6662785923613255,-0.0026815575507474062,1.5963235798390598,-0.3955075366550663
0.0,0.0,1.0,0.0,0.0,0.0,0.0,0.0,0.0,1.0,0.0,1.0,0.0,0.0,0.0,0.0,1.0,0.0,0.0,1.0,-1.4382150054130662,-0.4387288728496957,-0.654523102997609,-1.191553721400978,-0.5337283718038132,-1.1072030905543058
1.0,0.0,0.0,0.0,0.0,0.0,1.0,0.0,0.0,0.0,0.0,0.0,0.0,0.0,1.0,0.0,1.0,0.0,1.0,0.0,0.6953063319712655,1.317042883731521,2.647481135399727,1.7806266882245982,0.10895993406136985,-0.5734314251298762
0.0,0.0,0.0,0.0,1.0,0.0,0.0,0.0,0.0,1.0,0.0,0.0,0.0,0.0,1.0,0.0,0.0,1.0,1.0,0.0,0.6953063319712655,0.43915700544091263,2.647481135399727,1.7806266882245982,2.1198183904133554,0.7609977384311979
0.0,0.0,0.0,0.0,0.0,1.0,0.0,1.0,0.0,0.0,0.0,0.0,0.0,0.0,1.0,0.0,1.0,0.0,1.0,0.0,0.6953063319712655,-1.3166147511403041,-0.654523102997609,1.7806266882245982,0.43187739078607973,-0.3955075366550663
0.0,0.0,0.0,0.0,0.0,1.0,0.0,0.0,0.0,0.0,1.0,0.0,0.0,0.0,0.0,1.0,0.0,1.0,1.0,0.0,-1.4382150054130662,0.43915700544091263,-0.654523102997609,-0.0026815575507474062,0.1990787752739097,0.6720357941937929
0.0,0.0,0.0,0.0,0.0,1.0,0.0,0.0,1.0,0.0,0.0,0.0,0.0,0.0,0.0,1.0,1.0,0.0,1.0,0.0,0.6953063319712655,0.43915700544091263,-0.654523102997609,-1.191553721400978,-0.951698550433146,-1.2851269790291155
0.0,0.0,0.0,0.0,0.0,1.0,0.0,0.0,1.0,0.0,0.0,0.0,0.0,0.0,0.0,1.0,1.0,0.0,0.0,1.0,0.6953063319712655,0.43915700544091263,-0.654523102997609,-1.191553721400978,-1.0420691202524248,-1.2851269790291155
0.0,0.0,0.0,1.0,0.0,0.0,0.0,0.0,1.0,0.0,0.0,0.0,0.0,0.0,1.0,0.0,1.0,0.0,1.0,0.0,0.6953063319712655,1.317042883731521,0.005877744681858218,1.1861906062994831,0.6251797879009103,0.9389216269060077
0.0,0.0,1.0,0.0,0.0,0.0,0.0,0.0,0.0,1.0,0.0,0.0,0.0,0.0,1.0,0.0,0.0,1.0,1.0,0.0,-1.4382150054130662,1.317042883731521,1.9870802877202598,1.1861906062994831,2.41612813340576,0.4051499614815781
0.0,1.0,0.0,0.0,0.0,0.0,0.0,0.0,1.0,0.0,0.0,0.0,0.0,0.0,1.0,0.0,0.0,1.0,1.0,0.0,-1.4382150054130662,0.43915700544091263,-0.654523102997609,-1.191553721400978,-0.6638720614878442,-1.1072030905543058
0.0,0.0,0.0,0.0,0.0,1.0,0.0,0.0,1.0,0.0,0.0,1.0,0.0,0.0,0.0,0.0,0.0,1.0,1.0,0.0,0.6953063319712655,-0.4387288728496957,-0.654523102997609,-0.5971176394758626,-0.7393906435095255,0.6720357941937929
0.0,0.0,1.0,0.0,0.0,0.0,0.0,0.0,0.0,1.0,0.0,0.0,0.0,1.0,0.0,0.0,0.0,1.0,1.0,0.0,-1.4382150054130662,-0.4387288728496957,-0.654523102997609,-0.0026815575507474062,-1.3567550515367715,0.8499596826686028
1.0,0.0,0.0,0.0,0.0,0.0,0.0,0.0,1.0,0.0,0.0,0.0,0.0,0.0,0.0,1.0,1.0,0.0,1.0,0.0,0.6953063319712655,0.43915700544091263,0.005877744681858218,-0.0026815575507474062,-0.9623466704982031,1.5616552365678422
0.0,0.0,0.0,0.0,0.0,1.0,0.0,0.0,1.0,0.0,0.0,0.0,0.0,0.0,1.0,0.0,1.0,0.0,0.0,1.0,-1.4382150054130662,1.317042883731521,-0.654523102997609,1.7806266882245982,-1.0118616874437523,1.3837313480930324
0.0,0.0,0.0,0.0,1.0,0.0,1.0,0.0,0.0,0.0,0.0,0.0,1.0,0.0,0.0,0.0,0.0,1.0,1.0,0.0,0.6953063319712655,2.1949287620221294,1.9870802877202598,1.1861906062994831,2.425064498944992,1.4726932923304372
0.0,0.0,1.0,0.0,0.0,0.0,0.0,0.0,0.0,1.0,0.0,0.0,0.0,1.0,0.0,0.0,0.0,1.0,0.0,1.0,-1.4382150054130662,-0.4387288728496957,-0.654523102997609,0.5917545243743678,-1.3732936209995197,1.6506171808052472
1.0,0.0,0.0,0.0,0.0,0.0,0.0,0.0,0.0,1.0,0.0,0.0,0.0,0.0,0.0,1.0,1.0,0.0,0.0,1.0,0.6953063319712655,-0.4387288728496957,-0.654523102997609,-0.5971176394758626,-0.2886202274221091,0.049302184531958365
1.0,0.0,0.0,0.0,0.0,0.0,1.0,0.0,0.0,0.0,0.0,0.0,0.0,0.0,1.0,0.0,0.0,1.0,0.0,1.0,-1.4382150054130662,2.1949287620221294,-0.654523102997609,-1.191553721400978,1.206748388049879,-0.751355313604686
0.0,0.0,0.0,0.0,0.0,1.0,1.0,0.0,0.0,0.0,0.0,0.0,0.0,0.0,0.0,1.0,1.0,0.0,1.0,0.0,0.6953063319712655,-0.4387288728496957,0.005877744681858218,-0.5971176394758626,-0.6306438853983043,-0.751355313604686
1.0,0.0,0.0,0.0,0.0,0.0,1.0,0.0,0.0,0.0,0.0,0.0,0.0,0.0,1.0,0.0,1.0,0.0,0.0,1.0,-1.4382150054130662,-0.4387288728496957,-0.654523102997609,-1.191553721400978,0.1385128724925212,-0.5734314251298762
0.0,0.0,0.0,0.0,0.0,1.0,0.0,1.0,0.0,0.0,0.0,0.0,1.0,0.0,0.0,0.0,0.0,1.0,0.0,1.0,-1.4382150054130662,-0.4387288728496957,-0.654523102997609,-1.191553721400978,2.553823681291959,-0.4844694808924712
0.0,0.0,0.0,0.0,0.0,1.0,0.0,1.0,0.0,0.0,0.0,0.0,0.0,0.0,0.0,1.0,0.0,1.0,1.0,0.0,0.6953063319712655,-1.3166147511403041,-0.654523102997609,-0.5971176394758626,0.5618196975847196,-0.840317257842091
0.0,1.0,0.0,0.0,0.0,0.0,0.0,0.0,0.0,1.0,0.0,1.0,0.0,0.0,0.0,0.0,0.0,1.0,0.0,1.0,0.6953063319712655,-0.4387288728496957,1.9870802877202598,1.1861906062994831,-0.5168122094309565,-1.1961650347917108
0.0,0.0,0.0,0.0,1.0,0.0,1.0,0.0,0.0,0.0,0.0,0.0,0.0,0.0,0.0,1.0,1.0,0.0,1.0,0.0,0.6953063319712655,0.43915700544091263,0.005877744681858218,-0.5971176394758626,-0.7209137637748876,-0.3065455924176614
0.0,1.0,0.0,0.0,0.0,0.0,1.0,0.0,0.0,0.0,0.0,0.0,0.0,0.0,1.0,0.0,1.0,0.0,0.0,1.0,0.6953063319712655,0.43915700544091263,0.6662785923613255,1.1861906062994831,0.4047662198402961,-0.1286217039428515
0.0,0.0,0.0,0.0,1.0,0.0,0.0,0.0,0.0,1.0,0.0,0.0,1.0,0.0,0.0,0.0,1.0,0.0,1.0,0.0,-1.4382150054130662,2.1949287620221294,2.647481135399727,1.7806266882245982,1.5642281824798452,1.1168455153808177
0.0,0.0,0.0,0.0,0.0,1.0,0.0,1.0,0.0,0.0,0.0,0.0,0.0,0.0,1.0,0.0,0.0,1.0,0.0,1.0,-1.4382150054130662,-0.4387288728496957,-0.654523102997609,-1.191553721400978,0.9251899414123768,-0.4844694808924712
0.0,0.0,0.0,0.0,0.0,1.0,0.0,0.0,1.0,0.0,0.0,0.0,0.0,0.0,0.0,1.0,1.0,0.0,0.0,1.0,-1.4382150054130662,0.43915700544091263,-0.654523102997609,-1.191553721400978,-0.8800565889552442,-1.1961650347917108
1.0,0.0,0.0,0.0,0.0,0.0,1.0,0.0,0.0,0.0,0.0,0.0,0.0,0.0,1.0,0.0,0.0,1.0,1.0,0.0,0.6953063319712655,0.43915700544091263,1.3266794400407924,0.5917545243743678,0.4865024984484293,-0.21758364818025644
1.0,0.0,0.0,0.0,0.0,0.0,0.0,0.0,1.0,0.0,0.0,0.0,0.0,0.0,0.0,1.0,1.0,0.0,0.0,1.0,0.6953063319712655,0.43915700544091263,-0.654523102997609,-0.0026815575507474062,0.4767354285069585,0.583073849956388
0.0,0.0,0.0,0.0,0.0,1.0,0.0,0.0,0.0,1.0,0.0,0.0,0.0,0.0,1.0,0.0,0.0,1.0,1.0,0.0,0.6953063319712655,-0.4387288728496957,0.005877744681858218,-0.0026815575507474062,0.3480014190206655,1.2058074596182224
0.0,0.0,0.0,1.0,0.0,0.0,1.0,0.0,0.0,0.0,0.0,0.0,0.0,0.0,0.0,1.0,0.0,1.0,1.0,0.0,0.6953063319712655,-1.3166147511403041,-0.654523102997609,-0.5971176394758626,-0.5505186698733003,-0.1286217039428515
0.0,0.0,0.0,0.0,0.0,1.0,0.0,0.0,0.0,1.0,0.0,0.0,0.0,0.0,0.0,1.0,0.0,1.0,0.0,1.0,0.6953063319712655,0.43915700544091263,-0.654523102997609,-1.191553721400978,0.18352194737744332,-1.5520128117413305
1.0,0.0,0.0,0.0,0.0,0.0,1.0,0.0,0.0,0.0,0.0,0.0,0.0,0.0,1.0,0.0,0.0,1.0,0.0,1.0,0.6953063319712655,-0.4387288728496957,-0.654523102997609,-0.5971176394758626,0.5309325975378518,-0.039659759705446565
0.0,0.0,0.0,0.0,0.0,1.0,0.0,0.0,0.0,1.0,0.0,1.0,0.0,0.0,0.0,0.0,0.0,1.0,1.0,0.0,0.6953063319712655,-0.4387288728496957,-0.654523102997609,-0.5971176394758626,-0.4894744827391078,0.4051499614815781
0.0,0.0,0.0,0.0,1.0,0.0,0.0,0.0,0.0,1.0,0.0,0.0,0.0,1.0,0.0,0.0,0.0,1.0,1.0,0.0,0.6953063319712655,-0.4387288728496957,-0.654523102997609,-0.0026815575507474062,-1.7001883897107046,0.6720357941937929
0.0,0.0,0.0,0.0,0.0,1.0,0.0,1.0,0.0,0.0,0.0,0.0,0.0,0.0,1.0,0.0,0.0,1.0,0.0,1.0,0.6953063319712655,-1.3166147511403041,-0.654523102997609,-0.5971176394758626,0.8717731310623741,-0.840317257842091
0.0,0.0,0.0,1.0,0.0,0.0,0.0,0.0,0.0,0.0,1.0,0.0,0.0,1.0,0.0,0.0,0.0,1.0,0.0,1.0,-1.4382150054130662,0.43915700544091263,-0.654523102997609,-1.191553721400978,-1.6656260520054484,-1.0182411463169008
1.0,0.0,0.0,0.0,0.0,0.0,1.0,0.0,0.0,0.0,0.0,0.0,0.0,0.0,1.0,0.0,1.0,0.0,1.0,0.0,0.6953063319712655,2.1949287620221294,2.647481135399727,1.7806266882245982,0.7285395538279184,-0.5734314251298762
0.0,0.0,0.0,0.0,0.0,1.0,0.0,1.0,0.0,0.0,0.0,0.0,1.0,0.0,0.0,0.0,1.0,0.0,1.0,0.0,0.6953063319712655,1.317042883731521,1.3266794400407924,0.5917545243743678,0.5507688117488801,1.6506171808052472
1.0,0.0,0.0,0.0,0.0,0.0,0.0,1.0,0.0,0.0,0.0,0.0,1.0,0.0,0.0,0.0,1.0,0.0,1.0,0.0,0.6953063319712655,0.43915700544091263,0.005877744681858218,-0.5971176394758626,1.8840997230630139,0.31618801724417317
0.0,0.0,0.0,0.0,1.0,0.0,1.0,0.0,0.0,0.0,0.0,1.0,0.0,0.0,0.0,0.0,0.0,1.0,0.0,1.0,-1.4382150054130662,-0.4387288728496957,0.005877744681858218,-0.5971176394758626,-0.7003223637436424,-0.4844694808924712
0.0,0.0,0.0,0.0,0.0,1.0,1.0,0.0,0.0,0.0,0.0,0.0,1.0,0.0,0.0,0.0,1.0,0.0,0.0,1.0,0.6953063319712655,0.43915700544091263,-0.654523102997609,1.1861906062994831,0.4441617467949399,1.3837313480930324
0.0,1.0,0.0,0.0,0.0,0.0,0.0,0.0,1.0,0.0,0.0,0.0,0.0,0.0,0.0,1.0,1.0,0.0,0.0,1.0,0.6953063319712655,0.43915700544091263,0.6662785923613255,1.1861906062994831,-1.0064998681202129,0.1382641287693633
0.0,0.0,0.0,0.0,0.0,1.0,1.0,0.0,0.0,0.0,0.0,0.0,1.0,0.0,0.0,0.0,1.0,0.0,1.0,0.0,0.6953063319712655,1.317042883731521,-0.654523102997609,1.7806266882245982,0.45569091698358327,1.2947694038556274
1.0,0.0,0.0,0.0,0.0,0.0,0.0,1.0,0.0,0.0,0.0,0.0,1.0,0.0,0.0,0.0,0.0,1.0,0.0,1.0,0.6953063319712655,-0.4387288728496957,-0.654523102997609,-0.5971176394758626,2.485328327398294,-0.6623933693672811
0.0,0.0,0.0,0.0,0.0,1.0,1.0,0.0,0.0,0.0,0.0,0.0,0.0,0.0,0.0,1.0,1.0,0.0,0.0,1.0,0.6953063319712655,0.43915700544091263,1.3266794400407924,0.5917545243743678,0.6833794417789528,-0.3065455924176614
0.0,0.0,0.0,0.0,0.0,1.0,0.0,0.0,1.0,0.0,0.0,0.0,0.0,0.0,1.0,0.0,1.0,0.0,0.0,1.0,0.6953063319712655,0.43915700544091263,0.005877744681858218,0.5917545243743678,0.023649109237543712,0.8499596826686028
0.0,0.0,1.0,0.0,0.0,0.0,0.0,0.0,0.0,0.0,1.0,0.0,0.0,1.0,0.0,0.0,0.0,1.0,0.0,1.0,0.6953063319712655,0.43915700544091263,-0.654523102997609,-1.191553721400978,-1.3908894506105713,-1.0182411463169008
0.0,0.0,0.0,0.0,0.0,1.0,0.0,0.0,0.0,1.0,0.0,0.0,0.0,0.0,1.0,0.0,1.0,0.0,1.0,0.0,0.6953063319712655,-0.4387288728496957,-0.654523102997609,-1.191553721400978,0.36209822099804606,-0.1286217039428515
1.0,0.0,0.0,0.0,0.0,0.0,0.0,0.0,0.0,1.0,0.0,0.0,1.0,0.0,0.0,0.0,1.0,0.0,0.0,1.0,0.6953063319712655,1.317042883731521,2.647481135399727,1.7806266882245982,1.5176332173724678,-1.1072030905543058
0.0,0.0,0.0,0.0,0.0,1.0,1.0,0.0,0.0,0.0,0.0,0.0,0.0,0.0,1.0,0.0,0.0,1.0,0.0,1.0,-1.4382150054130662,-0.4387288728496957,-0.654523102997609,-1.191553721400978,-0.4447171364609246,-0.21758364818025644
1.0,0.0,0.0,0.0,0.0,0.0,0.0,0.0,0.0,1.0,0.0,0.0,0.0,0.0,0.0,1.0,0.0,1.0,1.0,0.0,0.6953063319712655,0.43915700544091263,-0.654523102997609,0.5917545243743678,-0.3597335588258591,0.7609977384311979
0.0,0.0,0.0,0.0,0.0,1.0,1.0,0.0,0.0,0.0,0.0,0.0,0.0,0.0,1.0,0.0,1.0,0.0,1.0,0.0,0.6953063319712655,0.43915700544091263,0.6662785923613255,1.1861906062994831,0.509560838825716,-0.1286217039428515
0.0,1.0,0.0,0.0,0.0,0.0,0.0,0.0,0.0,0.0,1.0,1.0,0.0,0.0,0.0,0.0,0.0,1.0,0.0,1.0,-1.4382150054130662,0.43915700544091263,-0.654523102997609,-1.191553721400978,-0.4235719334948538,-1.5520128117413305
0.0,0.0,0.0,1.0,0.0,0.0,0.0,0.0,1.0,0.0,0.0,0.0,0.0,1.0,0.0,0.0,1.0,0.0,1.0,0.0,0.6953063319712655,0.43915700544091263,0.6662785923613255,-0.0026815575507474062,-1.3630734395659188,-0.3065455924176614
0.0,0.0,0.0,1.0,0.0,0.0,1.0,0.0,0.0,0.0,0.0,1.0,0.0,0.0,0.0,0.0,1.0,0.0,0.0,1.0,-1.4382150054130662,-1.3166147511403041,-0.654523102997609,-1.191553721400978,-0.289828524734456,-0.6623933693672811
0.0,0.0,0.0,0.0,0.0,1.0,0.0,0.0,1.0,0.0,0.0,0.0,0.0,0.0,1.0,0.0,1.0,0.0,1.0,0.0,0.6953063319712655,0.43915700544091263,-0.654523102997609,-0.0026815575507474062,0.10760059958497958,0.4051499614815781
0.0,0.0,0.0,1.0,0.0,0.0,1.0,0.0,0.0,0.0,0.0,1.0,0.0,0.0,0.0,0.0,1.0,0.0,1.0,0.0,0.6953063319712655,-1.3166147511403041,-0.654523102997609,-1.191553721400978,-0.8103529377492322,-0.4844694808924712
0.0,0.0,0.0,0.0,0.0,1.0,0.0,1.0,0.0,0.0,0.0,0.0,0.0,0.0,0.0,1.0,1.0,0.0,1.0,0.0,0.6953063319712655,-1.3166147511403041,0.005877744681858218,-0.5971176394758626,0.36124234373513364,-0.840317257842091
0.0,0.0,0.0,0.0,0.0,1.0,0.0,0.0,0.0,1.0,0.0,0.0,0.0,0.0,1.0,0.0,0.0,1.0,0.0,1.0,0.6953063319712655,1.317042883731521,2.647481135399727,1.7806266882245982,1.0404312975774628,-0.3065455924176614
0.0,0.0,0.0,0.0,1.0,0.0,0.0,1.0,0.0,0.0,0.0,1.0,0.0,0.0,0.0,0.0,1.0,0.0,1.0,0.0,0.6953063319712655,-1.3166147511403041,-0.654523102997609,-0.5971176394758626,-0.6818454840090044,1.6506171808052472
0.0,1.0,0.0,0.0,0.0,0.0,0.0,1.0,0.0,0.0,0.0,0.0,0.0,0.0,0.0,1.0,0.0,1.0,1.0,0.0,-1.4382150054130662,-1.3166147511403041,0.005877744681858218,-0.5971176394758626,0.20791444937044642,-0.9292792020794959
0.0,0.0,0.0,0.0,1.0,0.0,0.0,0.0,0.0,1.0,0.0,0.0,0.0,1.0,0.0,0.0,0.0,1.0,0.0,1.0,-1.4382150054130662,-1.3166147511403041,0.005877744681858218,-0.5971176394758626,-1.4111284305923821,-0.5734314251298762
0.0,0.0,0.0,0.0,0.0,1.0,1.0,0.0,0.0,0.0,0.0,0.0,0.0,0.0,1.0,0.0,1.0,0.0,1.0,0.0,0.6953063319712655,-0.4387288728496957,1.3266794400407924,1.1861906062994831,0.0745234606594831,0.22722607300676823
0.0,0.0,0.0,0.0,0.0,1.0,1.0,0.0,0.0,0.0,0.0,0.0,0.0,0.0,1.0,0.0,1.0,0.0,0.0,1.0,-1.4382150054130662,-0.4387288728496957,-0.654523102997609,-0.5971176394758626,0.07311378046174506,-0.039659759705446565
0.0,0.0,0.0,0.0,0.0,1.0,0.0,0.0,0.0,1.0,0.0,0.0,0.0,0.0,0.0,1.0,0.0,1.0,0.0,1.0,-1.4382150054130662,0.43915700544091263,-0.654523102997609,-1.191553721400978,0.38127994083155314,-1.1961650347917108
0.0,0.0,0.0,0.0,1.0,0.0,0.0,1.0,0.0,0.0,0.0,1.0,0.0,0.0,0.0,0.0,1.0,0.0,1.0,0.0,0.6953063319712655,-1.3166147511403041,-0.654523102997609,-0.5971176394758626,-0.711549459604199,0.049302184531958365
0.0,0.0,0.0,0.0,0.0,1.0,0.0,0.0,0.0,1.0,0.0,1.0,0.0,0.0,0.0,0.0,1.0,0.0,0.0,1.0,0.6953063319712655,-0.4387288728496957,-0.654523102997609,-0.0026815575507474062,-0.7406492865432203,0.31618801724417317
1.0,0.0,0.0,0.0,0.0,0.0,0.0,0.0,1.0,0.0,0.0,0.0,1.0,0.0,0.0,0.0,0.0,1.0,0.0,1.0,0.6953063319712655,2.1949287620221294,2.647481135399727,1.7806266882245982,1.7071093396648664,-1.0182411463169008
0.0,0.0,0.0,0.0,0.0,1.0,1.0,0.0,0.0,0.0,0.0,0.0,0.0,0.0,0.0,1.0,0.0,1.0,0.0,1.0,0.6953063319712655,-0.4387288728496957,0.6662785923613255,-0.0026815575507474062,0.22042536112537167,-0.5734314251298762
0.0,0.0,0.0,0.0,0.0,1.0,0.0,0.0,0.0,1.0,0.0,0.0,0.0,0.0,1.0,0.0,1.0,0.0,0.0,1.0,-1.4382150054130662,-0.4387288728496957,1.3266794400407924,1.1861906062994831,0.5056338725605886,0.049302184531958365
0.0,0.0,1.0,0.0,0.0,0.0,0.0,0.0,0.0,0.0,1.0,0.0,0.0,1.0,0.0,0.0,1.0,0.0,0.0,1.0,0.6953063319712655,0.43915700544091263,-0.654523102997609,-1.191553721400978,-1.5323609275978547,-0.840317257842091
0.0,0.0,0.0,0.0,0.0,1.0,0.0,1.0,0.0,0.0,0.0,0.0,1.0,0.0,0.0,0.0,0.0,1.0,1.0,0.0,0.6953063319712655,0.43915700544091263,-0.654523102997609,1.1861906062994831,1.762917571778889,2.3623127347044868
1.0,0.0,0.0,0.0,0.0,0.0,1.0,0.0,0.0,0.0,0.0,0.0,0.0,0.0,1.0,0.0,1.0,0.0,0.0,1.0,-1.4382150054130662,-0.4387288728496957,-0.654523102997609,-1.191553721400978,0.037192108280098585,-0.1286217039428515
0.0,0.0,0.0,0.0,0.0,1.0,0.0,0.0,1.0,0.0,0.0,0.0,0.0,0.0,1.0,0.0,0.0,1.0,0.0,1.0,0.6953063319712655,0.43915700544091263,0.005877744681858218,-0.0026815575507474062,-0.1211703582193674,1.2947694038556274
0.0,0.0,0.0,0.0,0.0,1.0,1.0,0.0,0.0,0.0,0.0,0.0,1.0,0.0,0.0,0.0,0.0,1.0,1.0,0.0,0.6953063319712655,1.317042883731521,0.6662785923613255,-0.0026815575507474062,2.382648228709481,-0.3065455924176614
0.0,0.0,1.0,0.0,0.0,0.0,0.0,0.0,0.0,1.0,0.0,0.0,0.0,1.0,0.0,0.0,1.0,0.0,0.0,1.0,-1.4382150054130662,-0.4387288728496957,0.005877744681858218,-0.5971176394758626,-1.0923644958788647,-0.4844694808924712
0.0,0.0,0.0,1.0,0.0,0.0,1.0,0.0,0.0,0.0,0.0,0.0,0.0,0.0,0.0,1.0,0.0,1.0,1.0,0.0,0.6953063319712655,-0.4387288728496957,0.005877744681858218,-0.5971176394758626,-0.27726726725818296,-1.0182411463169008
1.0,0.0,0.0,0.0,0.0,0.0,0.0,0.0,1.0,0.0,0.0,0.0,0.0,0.0,0.0,1.0,0.0,1.0,0.0,1.0,0.6953063319712655,0.43915700544091263,-0.654523102997609,-0.0026815575507474062,1.1003930517026776,0.583073849956388
0.0,0.0,0.0,0.0,0.0,1.0,0.0,1.0,0.0,0.0,0.0,0.0,0.0,0.0,0.0,1.0,0.0,1.0,1.0,0.0,-1.4382150054130662,-1.3166147511403041,-0.654523102997609,1.7806266882245982,1.6140704466141549,0.31618801724417317
0.0,0.0,0.0,0.0,0.0,1.0,1.0,0.0,0.0,0.0,0.0,0.0,1.0,0.0,0.0,0.0,1.0,0.0,1.0,0.0,-1.4382150054130662,-0.4387288728496957,-0.654523102997609,-1.191553721400978,0.8794760264285856,-0.5734314251298762
0.0,1.0,0.0,0.0,0.0,0.0,0.0,0.0,0.0,1.0,0.0,1.0,0.0,0.0,0.0,0.0,0.0,1.0,1.0,0.0,-1.4382150054130662,-1.3166147511403041,1.9870802877202598,1.1861906062994831,-0.5289203554150994,-1.1961650347917108
0.0,1.0,0.0,0.0,0.0,0.0,0.0,0.0,1.0,0.0,0.0,0.0,0.0,0.0,0.0,1.0,0.0,1.0,1.0,0.0,0.6953063319712655,0.43915700544091263,-0.654523102997609,-1.191553721400978,-0.7553250643161004,-1.6409747559787353
1.0,0.0,0.0,0.0,0.0,0.0,0.0,0.0,0.0,1.0,0.0,0.0,0.0,0.0,0.0,1.0,1.0,0.0,0.0,1.0,-1.4382150054130662,-0.4387288728496957,-0.654523102997609,-0.5971176394758626,0.004215660797297688,0.049302184531958365
0.0,0.0,0.0,1.0,0.0,0.0,1.0,0.0,0.0,0.0,0.0,0.0,0.0,0.0,0.0,1.0,0.0,1.0,1.0,0.0,0.6953063319712655,-1.3166147511403041,-0.654523102997609,-0.5971176394758626,-0.38276672634247194,-0.21758364818025644
0.0,0.0,0.0,0.0,0.0,1.0,0.0,0.0,0.0,1.0,0.0,0.0,0.0,0.0,1.0,0.0,0.0,1.0,0.0,1.0,-1.4382150054130662,-0.4387288728496957,-0.654523102997609,-1.191553721400978,1.2230855746272362,-0.1286217039428515
1.0,0.0,0.0,0.0,0.0,0.0,0.0,0.0,0.0,1.0,0.0,0.0,0.0,1.0,0.0,0.0,1.0,0.0,1.0,0.0,-1.4382150054130662,-0.4387288728496957,-0.654523102997609,-1.191553721400978,-1.480555180330981,-1.6409747559787353
0.0,0.0,0.0,1.0,0.0,0.0,0.0,0.0,1.0,0.0,0.0,0.0,0.0,1.0,0.0,0.0,0.0,1.0,1.0,0.0,0.6953063319712655,0.43915700544091263,-0.654523102997609,1.1861906062994831,-1.5162251239058888,0.9389216269060077
1.0,0.0,0.0,0.0,0.0,0.0,0.0,0.0,1.0,0.0,0.0,0.0,0.0,0.0,0.0,1.0,0.0,1.0,1.0,0.0,0.6953063319712655,0.43915700544091263,-0.654523102997609,0.5917545243743678,-0.48348334189872105,0.9389216269060077
0.0,0.0,0.0,0.0,0.0,1.0,0.0,1.0,0.0,0.0,0.0,0.0,1.0,0.0,0.0,0.0,1.0,0.0,1.0,0.0,0.6953063319712655,0.43915700544091263,-0.654523102997609,-0.0026815575507474062,0.6916613129406639,2.2733507904670818
0.0,0.0,0.0,1.0,0.0,0.0,0.0,0.0,0.0,1.0,0.0,0.0,0.0,0.0,1.0,0.0,0.0,1.0,1.0,0.0,-1.4382150054130662,0.43915700544091263,1.9870802877202598,1.1861906062994831,2.380986819905004,0.4051499614815781
0.0,0.0,0.0,0.0,0.0,1.0,1.0,0.0,0.0,0.0,0.0,0.0,1.0,0.0,0.0,0.0,0.0,1.0,1.0,0.0,0.6953063319712655,1.317042883731521,0.6662785923613255,-0.0026815575507474062,1.8753899132698466,-0.3065455924176614
0.0,0.0,0.0,0.0,0.0,1.0,0.0,0.0,0.0,1.0,0.0,0.0,0.0,0.0,1.0,0.0,0.0,1.0,0.0,1.0,0.6953063319712655,2.1949287620221294,0.005877744681858218,1.1861906062994831,1.102910337770067,-0.3065455924176614
0.0,0.0,0.0,0.0,0.0,1.0,1.0,0.0,0.0,0.0,0.0,0.0,0.0,0.0,0.0,1.0,1.0,0.0,0.0,1.0,-1.4382150054130662,-1.3166147511403041,0.6662785923613255,-0.0026815575507474062,-0.9260222325457743,-0.6623933693672811
0.0,0.0,0.0,0.0,0.0,1.0,0.0,1.0,0.0,0.0,0.0,0.0,0.0,0.0,1.0,0.0,0.0,1.0,1.0,0.0,0.6953063319712655,-1.3166147511403041,-0.654523102997609,-0.5971176394758626,0.9884996860072197,-0.840317257842091
0.0,0.0,0.0,0.0,0.0,1.0,1.0,0.0,0.0,0.0,0.0,0.0,0.0,0.0,0.0,1.0,0.0,1.0,1.0,0.0,-1.4382150054130662,1.317042883731521,1.3266794400407924,0.5917545243743678,-0.7338022684399211,-0.3065455924176614
0.0,0.0,0.0,0.0,0.0,1.0,0.0,0.0,1.0,0.0,0.0,0.0,0.0,0.0,0.0,1.0,1.0,0.0,1.0,0.0,0.6953063319712655,0.43915700544091263,-0.654523102997609,-1.191553721400978,-0.785759052870838,-1.2851269790291155
0.0,1.0,0.0,0.0,0.0,0.0,0.0,0.0,0.0,1.0,0.0,0.0,0.0,0.0,0.0,1.0,0.0,1.0,1.0,0.0,-1.4382150054130662,-0.4387288728496957,-0.654523102997609,-0.5971176394758626,0.22284195575006546,0.1382641287693633
0.0,0.0,0.0,1.0,0.0,0.0,0.0,1.0,0.0,0.0,0.0,1.0,0.0,0.0,0.0,0.0,1.0,0.0,1.0,0.0,0.6953063319712655,-1.3166147511403041,-0.654523102997609,1.1861906062994831,-0.40391192930854275,0.049302184531958365
0.0,0.0,0.0,0.0,0.0,1.0,0.0,0.0,0.0,1.0,0.0,0.0,0.0,0.0,1.0,0.0,0.0,1.0,1.0,0.0,0.6953063319712655,-0.4387288728496957,0.6662785923613255,0.5917545243743678,0.7363431406368254,0.583073849956388
1.0,0.0,0.0,0.0,0.0,0.0,0.0,0.0,0.0,0.0,1.0,1.0,0.0,0.0,0.0,0.0,0.0,1.0,0.0,1.0,-1.4382150054130662,0.43915700544091263,-0.654523102997609,0.5917545243743678,-0.9014535205280539,0.6720357941937929
0.0,0.0,0.0,0.0,0.0,1.0,1.0,0.0,0.0,0.0,0.0,0.0,1.0,0.0,0.0,0.0,0.0,1.0,0.0,1.0,0.6953063319712655,0.43915700544091263,-0.654523102997609,1.7806266882245982,1.0434016951369822,1.6506171808052472
0.0,0.0,0.0,0.0,0.0,1.0,1.0,0.0,0.0,0.0,0.0,0.0,0.0,0.0,0.0,1.0,1.0,0.0,1.0,0.0,0.6953063319712655,-0.4387288728496957,0.005877744681858218,-0.5971176394758626,-0.39104859750418297,-0.751355313604686
0.0,0.0,1.0,0.0,0.0,0.0,0.0,0.0,0.0,1.0,0.0,1.0,0.0,0.0,0.0,0.0,0.0,1.0,0.0,1.0,0.6953063319712655,-1.3166147511403041,0.6662785923613255,-0.0026815575507474062,-0.9055063510965509,-0.1286217039428515
0.0,0.0,0.0,0.0,0.0,1.0,0.0,0.0,1.0,0.0,0.0,0.0,0.0,0.0,0.0,1.0,0.0,1.0,1.0,0.0,0.6953063319712655,0.43915700544091263,-0.654523102997609,-1.191553721400978,-0.539920895529591,-1.5520128117413305
0.0,0.0,0.0,0.0,0.0,1.0,0.0,0.0,0.0,1.0,0.0,0.0,0.0,0.0,1.0,0.0,0.0,1.0,0.0,1.0,0.6953063319712655,0.43915700544091263,0.005877744681858218,-0.0026815575507474062,0.3297510950320925,1.0278835711434127
1.0,0.0,0.0,0.0,0.0,0.0,0.0,1.0,0.0,0.0,0.0,0.0,1.0,0.0,0.0,0.0,0.0,1.0,1.0,0.0,0.6953063319712655,0.43915700544091263,2.647481135399727,1.7806266882245982,1.6921063147032258,-0.751355313604686
0.0,0.0,1.0,0.0,0.0,0.0,0.0,0.0,1.0,0.0,0.0,0.0,1.0,0.0,0.0,0.0,0.0,1.0,1.0,0.0,0.6953063319712655,1.317042883731521,0.005877744681858218,1.1861906062994831,1.5456506113025115,1.0278835711434127
0.0,0.0,0.0,0.0,0.0,1.0,0.0,0.0,0.0,1.0,0.0,0.0,0.0,0.0,0.0,1.0,0.0,1.0,0.0,1.0,0.6953063319712655,-0.4387288728496957,-0.654523102997609,-1.191553721400978,-0.6644258644226698,-1.1072030905543058
1.0,0.0,0.0,0.0,0.0,0.0,1.0,0.0,0.0,0.0,0.0,0.0,1.0,0.0,0.0,0.0,0.0,1.0,1.0,0.0,0.6953063319712655,0.43915700544091263,-0.654523102997609,-0.0026815575507474062,-0.0047710504632824035,1.917503013517462
0.0,0.0,0.0,0.0,0.0,1.0,0.0,0.0,0.0,0.0,1.0,1.0,0.0,0.0,0.0,0.0,1.0,0.0,0.0,1.0,-1.4382150054130662,0.43915700544091263,-0.654523102997609,0.5917545243743678,-1.2216271354393093,0.583073849956388
1.0,0.0,0.0,0.0,0.0,0.0,1.0,0.0,0.0,0.0,0.0,0.0,0.0,0.0,1.0,0.0,1.0,0.0,1.0,0.0,-1.4382150054130662,2.1949287620221294,-0.654523102997609,-1.191553721400978,0.5798182929665536,-0.840317257842091
0.0,0.0,1.0,0.0,0.0,0.0,1.0,0.0,0.0,0.0,0.0,0.0,0.0,1.0,0.0,0.0,0.0,1.0,1.0,0.0,0.6953063319712655,-1.3166147511403041,-0.654523102997609,-0.5971176394758626,-1.2676431247511872,0.049302184531958365
0.0,0.0,0.0,0.0,0.0,1.0,1.0,0.0,0.0,0.0,0.0,0.0,1.0,0.0,0.0,0.0,1.0,0.0,1.0,0.0,0.6953063319712655,0.43915700544091263,-0.654523102997609,-0.5971176394758626,0.6711454314914405,-0.4844694808924712
0.0,1.0,0.0,0.0,0.0,0.0,0.0,0.0,1.0,0.0,0.0,0.0,0.0,0.0,0.0,1.0,1.0,0.0,1.0,0.0,-1.4382150054130662,0.43915700544091263,-0.654523102997609,-1.191553721400978,-0.7624489838868124,-1.4630508675039255
0.0,0.0,0.0,1.0,0.0,0.0,0.0,1.0,0.0,0.0,0.0,1.0,0.0,0.0,0.0,0.0,1.0,0.0,1.0,0.0,0.6953063319712655,-1.3166147511403041,-0.654523102997609,1.1861906062994831,-0.18244110109962494,0.049302184531958365
0.0,0.0,0.0,0.0,1.0,0.0,0.0,0.0,0.0,0.0,1.0,0.0,0.0,1.0,0.0,0.0,0.0,1.0,0.0,1.0,-1.4382150054130662,0.43915700544091263,-0.654523102997609,-1.191553721400978,-1.3224444424382542,-0.9292792020794959
0.0,0.0,0.0,1.0,0.0,0.0,0.0,0.0,1.0,0.0,0.0,0.0,0.0,1.0,0.0,0.0,0.0,1.0,0.0,1.0,-1.4382150054130662,-0.4387288728496957,-0.654523102997609,-1.191553721400978,-1.3583912874805746,-1.1961650347917108
0.0,0.0,0.0,1.0,0.0,0.0,1.0,0.0,0.0,0.0,0.0,0.0,0.0,1.0,0.0,0.0,0.0,1.0,0.0,1.0,0.6953063319712655,-1.3166147511403041,-0.654523102997609,-0.5971176394758626,-1.1710548583454568,-0.039659759705446565
0.0,0.0,0.0,1.0,0.0,0.0,0.0,0.0,0.0,1.0,0.0,1.0,0.0,0.0,0.0,0.0,1.0,0.0,0.0,1.0,0.6953063319712655,-0.4387288728496957,-0.654523102997609,-1.191553721400978,-0.8067532186728654,-1.3740889232665205
0.0,0.0,0.0,0.0,0.0,1.0,0.0,0.0,0.0,1.0,0.0,0.0,0.0,0.0,1.0,0.0,0.0,1.0,1.0,0.0,-1.4382150054130662,0.43915700544091263,0.6662785923613255,1.1861906062994831,0.10581332647713312,0.9389216269060077
0.0,0.0,0.0,0.0,0.0,1.0,0.0,0.0,0.0,1.0,0.0,0.0,0.0,0.0,1.0,0.0,0.0,1.0,1.0,0.0,0.6953063319712655,0.43915700544091263,0.005877744681858218,-0.0026815575507474062,0.4628400094149691,0.9389216269060077
0.0,0.0,0.0,0.0,0.0,1.0,0.0,0.0,0.0,1.0,0.0,0.0,0.0,0.0,1.0,0.0,0.0,1.0,1.0,0.0,0.6953063319712655,-1.3166147511403041,1.3266794400407924,1.1861906062994831,0.5449538809332107,0.49411190571898306
0.0,0.0,0.0,1.0,0.0,0.0,0.0,0.0,0.0,1.0,0.0,1.0,0.0,0.0,0.0,0.0,0.0,1.0,0.0,1.0,-1.4382150054130662,-0.4387288728496957,1.9870802877202598,1.1861906062994831,-0.6511849397082017,-1.4630508675039255
0.0,0.0,0.0,0.0,0.0,1.0,0.0,0.0,0.0,0.0,1.0,1.0,0.0,0.0,0.0,0.0,0.0,1.0,1.0,0.0,0.6953063319712655,0.43915700544091263,0.005877744681858218,-0.0026815575507474062,-1.0955111034631013,0.4051499614815781
0.0,0.0,0.0,0.0,0.0,1.0,1.0,0.0,0.0,0.0,0.0,0.0,0.0,0.0,1.0,0.0,1.0,0.0,0.0,1.0,-1.4382150054130662,0.43915700544091263,0.6662785923613255,1.1861906062994831,0.3081779534345655,-0.1286217039428515
0.0,0.0,0.0,0.0,0.0,1.0,1.0,0.0,0.0,0.0,0.0,0.0,1.0,0.0,0.0,0.0,1.0,0.0,0.0,1.0,0.6953063319712655,2.1949287620221294,0.6662785923613255,1.1861906062994831,1.2656025363054428,-0.1286217039428515
0.0,0.0,0.0,0.0,0.0,1.0,0.0,0.0,1.0,0.0,0.0,0.0,0.0,0.0,0.0,1.0,0.0,1.0,1.0,0.0,0.6953063319712655,0.43915700544091263,-0.654523102997609,-0.0026815575507474062,-0.42339572347013654,0.4051499614815781
0.0,0.0,0.0,0.0,0.0,1.0,0.0,1.0,0.0,0.0,0.0,0.0,1.0,0.0,0.0,0.0,1.0,0.0,1.0,0.0,0.6953063319712655,0.43915700544091263,1.3266794400407924,0.5917545243743678,1.7834082803674387,2.1843888462296768
0.0,0.0,0.0,0.0,0.0,1.0,0.0,0.0,0.0,1.0,0.0,0.0,0.0,0.0,0.0,1.0,1.0,0.0,1.0,0.0,0.6953063319712655,-0.4387288728496957,-0.654523102997609,-0.5971176394758626,0.10729852525689286,-0.039659759705446565
0.0,0.0,0.0,1.0,0.0,0.0,1.0,0.0,0.0,0.0,0.0,0.0,1.0,0.0,0.0,0.0,1.0,0.0,0.0,1.0,0.6953063319712655,1.317042883731521,2.647481135399727,1.7806266882245982,1.4524858539484304,0.7609977384311979
0.0,0.0,0.0,0.0,0.0,1.0,0.0,1.0,0.0,0.0,0.0,0.0,0.0,0.0,1.0,0.0,0.0,1.0,1.0,0.0,0.6953063319712655,-1.3166147511403041,-0.654523102997609,-0.0026815575507474062,1.5683817044910378,-0.751355313604686
0.0,0.0,0.0,0.0,0.0,1.0,0.0,1.0,0.0,0.0,0.0,0.0,1.0,0.0,0.0,0.0,0.0,1.0,1.0,0.0,0.6953063319712655,2.1949287620221294,0.6662785923613255,-0.0026815575507474062,2.687667781495052,2.5402366231792963
0.0,0.0,0.0,0.0,1.0,0.0,1.0,0.0,0.0,0.0,0.0,0.0,0.0,1.0,0.0,0.0,1.0,0.0,1.0,0.0,0.6953063319712655,-1.3166147511403041,-0.654523102997609,-0.5971176394758626,-1.450247056079613,0.049302184531958365
0.0,0.0,0.0,0.0,0.0,1.0,0.0,0.0,0.0,1.0,0.0,0.0,0.0,0.0,1.0,0.0,0.0,1.0,0.0,1.0,0.6953063319712655,0.43915700544091263,-0.654523102997609,-1.191553721400978,0.5885029298990471,-1.1072030905543058
0.0,0.0,0.0,0.0,0.0,1.0,0.0,1.0,0.0,0.0,0.0,0.0,0.0,0.0,0.0,1.0,1.0,0.0,1.0,0.0,0.6953063319712655,-1.3166147511403041,-0.654523102997609,-0.5971176394758626,-0.531160740015076,-0.840317257842091
0.0,0.0,0.0,1.0,0.0,0.0,0.0,0.0,0.0,0.0,1.0,0.0,0.0,1.0,0.0,0.0,0.0,1.0,1.0,0.0,0.6953063319712655,-1.3166147511403041,1.9870802877202598,1.1861906062994831,-1.6001514413926508,-0.3955075366550663
1.0,0.0,0.0,0.0,0.0,0.0,1.0,0.0,0.0,0.0,0.0,1.0,0.0,0.0,0.0,0.0,0.0,1.0,0.0,1.0,0.6953063319712655,-1.3166147511403041,-0.654523102997609,-1.191553721400978,-1.1907903811137894,-1.5520128117413305
0.0,1.0,0.0,0.0,0.0,0.0,0.0,1.0,0.0,0.0,0.0,0.0,0.0,0.0,0.0,1.0,1.0,0.0,0.0,1.0,0.6953063319712655,-1.3166147511403041,-0.654523102997609,-1.191553721400978,0.06792817116292293,-0.3955075366550663
0.0,0.0,0.0,1.0,0.0,0.0,0.0,0.0,1.0,0.0,0.0,0.0,0.0,1.0,0.0,0.0,0.0,1.0,0.0,1.0,-1.4382150054130662,0.43915700544091263,-0.654523102997609,1.1861906062994831,-1.4209961919765484,2.8960844001289163
0.0,1.0,0.0,0.0,0.0,0.0,1.0,0.0,0.0,0.0,0.0,0.0,0.0,0.0,0.0,1.0,0.0,1.0,0.0,1.0,0.6953063319712655,-0.4387288728496957,1.3266794400407924,0.5917545243743678,1.204130410539794,-0.3065455924176614
0.0,0.0,0.0,0.0,0.0,1.0,0.0,1.0,0.0,0.0,0.0,0.0,0.0,0.0,1.0,0.0,0.0,1.0,1.0,0.0,0.6953063319712655,-1.3166147511403041,-0.654523102997609,0.5917545243743678,0.8447626515592861,-0.840317257842091
0.0,0.0,0.0,0.0,0.0,1.0,0.0,1.0,0.0,0.0,0.0,0.0,0.0,0.0,0.0,1.0,1.0,0.0,1.0,0.0,0.6953063319712655,-1.3166147511403041,-0.654523102997609,-0.5971176394758626,0.22427680880847742,-0.9292792020794959
0.0,0.0,0.0,0.0,0.0,1.0,1.0,0.0,0.0,0.0,0.0,0.0,1.0,0.0,0.0,0.0,0.0,1.0,1.0,0.0,0.6953063319712655,1.317042883731521,-0.654523102997609,1.7806266882245982,0.22545993326015043,1.2947694038556274
0.0,1.0,0.0,0.0,0.0,0.0,0.0,0.0,0.0,0.0,1.0,0.0,0.0,0.0,0.0,1.0,1.0,0.0,1.0,0.0,0.6953063319712655,0.43915700544091263,0.005877744681858218,-0.0026815575507474062,-0.9535865149836881,1.0278835711434127
0.0,1.0,0.0,0.0,0.0,0.0,0.0,1.0,0.0,0.0,0.0,0.0,0.0,0.0,1.0,0.0,0.0,1.0,0.0,1.0,0.6953063319712655,-1.3166147511403041,-0.654523102997609,-0.5971176394758626,1.0496949103054556,-0.6623933693672811
0.0,0.0,0.0,0.0,0.0,1.0,0.0,0.0,0.0,1.0,0.0,0.0,0.0,0.0,0.0,1.0,0.0,1.0,0.0,1.0,0.6953063319712655,-0.4387288728496957,-0.654523102997609,-1.191553721400978,-0.3975180226973737,-1.1072030905543058
0.0,0.0,0.0,0.0,0.0,1.0,0.0,0.0,0.0,1.0,0.0,0.0,0.0,0.0,0.0,1.0,1.0,0.0,1.0,0.0,0.6953063319712655,-0.4387288728496957,-0.654523102997609,-0.5971176394758626,-0.2420000894540577,-0.039659759705446565
0.0,0.0,0.0,0.0,0.0,1.0,0.0,0.0,0.0,1.0,0.0,0.0,0.0,0.0,1.0,0.0,0.0,1.0,1.0,0.0,0.6953063319712655,0.43915700544091263,0.005877744681858218,-0.0026815575507474062,0.6155637551234828,1.2058074596182224
0.0,0.0,0.0,0.0,0.0,1.0,0.0,1.0,0.0,0.0,0.0,0.0,1.0,0.0,0.0,0.0,0.0,1.0,1.0,0.0,0.6953063319712655,0.43915700544091263,-0.654523102997609,1.1861906062994831,1.5463051056800328,2.0954269019922718
0.0,0.0,1.0,0.0,0.0,0.0,0.0,0.0,0.0,1.0,0.0,1.0,0.0,0.0,0.0,0.0,1.0,0.0,0.0,1.0,-1.4382150054130662,-0.4387288728496957,-0.654523102997609,-1.191553721400978,-1.043881566220945,-1.3740889232665205
0.0,0.0,0.0,1.0,0.0,0.0,0.0,0.0,0.0,1.0,0.0,0.0,0.0,0.0,1.0,0.0,0.0,1.0,0.0,1.0,0.6953063319712655,-0.4387288728496957,0.6662785923613255,0.5917545243743678,0.9863599928499388,0.6720357941937929
0.0,0.0,0.0,0.0,1.0,0.0,0.0,0.0,0.0,0.0,1.0,0.0,0.0,1.0,0.0,0.0,1.0,0.0,1.0,0.0,-1.4382150054130662,0.43915700544091263,-0.654523102997609,-1.191553721400978,-1.3764402285837565,-1.6409747559787353
1.0,0.0,0.0,0.0,0.0,0.0,1.0,0.0,0.0,0.0,0.0,0.0,0.0,0.0,1.0,0.0,1.0,0.0,0.0,1.0,0.6953063319712655,2.1949287620221294,2.647481135399727,1.7806266882245982,0.5085539243987602,-0.3065455924176614
1.0,0.0,0.0,0.0,0.0,0.0,1.0,0.0,0.0,0.0,0.0,0.0,0.0,0.0,1.0,0.0,1.0,0.0,0.0,1.0,0.6953063319712655,-0.4387288728496957,1.3266794400407924,0.5917545243743678,0.2686313893158783,-0.3065455924176614
0.0,1.0,0.0,0.0,0.0,0.0,0.0,0.0,0.0,0.0,1.0,0.0,0.0,0.0,0.0,1.0,1.0,0.0,1.0,0.0,0.6953063319712655,1.317042883731521,0.005877744681858218,-0.0026815575507474062,-0.7676094203249606,0.9389216269060077
0.0,0.0,0.0,0.0,0.0,1.0,0.0,0.0,0.0,1.0,0.0,0.0,0.0,0.0,1.0,0.0,0.0,1.0,0.0,1.0,-1.4382150054130662,0.43915700544091263,0.005877744681858218,-0.0026815575507474062,0.6549844549388006,1.0278835711434127
0.0,0.0,0.0,0.0,0.0,1.0,0.0,1.0,0.0,0.0,0.0,0.0,0.0,0.0,0.0,1.0,1.0,0.0,0.0,1.0,0.6953063319712655,-1.3166147511403041,-0.654523102997609,1.1861906062994831,1.0321997721370995,0.31618801724417317
0.0,0.0,0.0,0.0,0.0,1.0,0.0,0.0,0.0,1.0,0.0,0.0,0.0,0.0,1.0,0.0,1.0,0.0,1.0,0.0,0.6953063319712655,-0.4387288728496957,0.005877744681858218,-0.0026815575507474062,-0.05262465860435454,0.9389216269060077
1.0,0.0,0.0,0.0,0.0,0.0,1.0,0.0,0.0,0.0,0.0,0.0,0.0,0.0,1.0,0.0,1.0,0.0,0.0,1.0,-1.4382150054130662,1.317042883731521,-0.654523102997609,-1.191553721400978,0.2857489345741261,-1.1072030905543058
0.0,0.0,0.0,0.0,0.0,1.0,0.0,1.0,0.0,0.0,0.0,0.0,0.0,0.0,1.0,0.0,0.0,1.0,1.0,0.0,0.6953063319712655,-1.3166147511403041,-0.654523102997609,1.7806266882245982,1.1196754629788803,-0.6623933693672811
0.0,0.0,0.0,0.0,1.0,0.0,0.0,0.0,1.0,0.0,0.0,0.0,0.0,0.0,1.0,0.0,0.0,1.0,0.0,1.0,0.6953063319712655,0.43915700544091263,0.005877744681858218,0.5917545243743678,1.2735319874177193,0.6720357941937929
0.0,0.0,0.0,0.0,0.0,1.0,0.0,0.0,0.0,1.0,0.0,1.0,0.0,0.0,0.0,0.0,1.0,0.0,1.0,0.0,0.6953063319712655,-0.4387288728496957,-0.654523102997609,-0.5971176394758626,-0.343874656601306,0.49411190571898306
0.0,0.0,1.0,0.0,0.0,0.0,0.0,0.0,0.0,1.0,0.0,0.0,0.0,1.0,0.0,0.0,0.0,1.0,0.0,1.0,-1.4382150054130662,-0.4387288728496957,-0.654523102997609,-1.191553721400978,-1.4835507507511745,-0.6623933693672811
0.0,0.0,0.0,0.0,0.0,1.0,0.0,0.0,0.0,1.0,0.0,0.0,0.0,0.0,0.0,1.0,0.0,1.0,0.0,1.0,0.6953063319712655,0.43915700544091263,-0.654523102997609,-1.191553721400978,-0.6956402116582981,-1.1961650347917108
0.0,0.0,0.0,0.0,1.0,0.0,1.0,0.0,0.0,0.0,0.0,1.0,0.0,0.0,0.0,0.0,0.0,1.0,0.0,1.0,-1.4382150054130662,-1.3166147511403041,-0.654523102997609,-0.5971176394758626,-0.32449155388240775,1.828541069280057
0.0,0.0,0.0,0.0,1.0,0.0,0.0,1.0,0.0,0.0,0.0,0.0,1.0,0.0,0.0,0.0,0.0,1.0,1.0,0.0,-1.4382150054130662,2.1949287620221294,1.9870802877202598,1.1861906062994831,2.523440038458569,1.4726932923304372
0.0,0.0,0.0,0.0,1.0,0.0,1.0,0.0,0.0,0.0,0.0,0.0,1.0,0.0,0.0,0.0,0.0,1.0,0.0,1.0,-1.4382150054130662,2.1949287620221294,1.9870802877202598,1.1861906062994831,2.238508428490765,1.3837313480930324
1.0,0.0,0.0,0.0,0.0,0.0,0.0,0.0,0.0,1.0,0.0,0.0,0.0,0.0,0.0,1.0,0.0,1.0,1.0,0.0,0.6953063319712655,1.317042883731521,1.9870802877202598,1.7806266882245982,0.5670053068835417,0.1382641287693633
0.0,0.0,0.0,0.0,0.0,1.0,1.0,0.0,0.0,0.0,0.0,0.0,1.0,0.0,0.0,0.0,0.0,1.0,1.0,0.0,0.6953063319712655,-1.3166147511403041,1.3266794400407924,1.7806266882245982,2.347381050905356,-0.1286217039428515
1.0,0.0,0.0,0.0,0.0,0.0,0.0,0.0,0.0,1.0,0.0,0.0,0.0,0.0,0.0,1.0,0.0,1.0,1.0,0.0,0.6953063319712655,-0.4387288728496957,-0.654523102997609,-0.5971176394758626,0.28537134166401773,0.049302184531958365
1.0,0.0,0.0,0.0,0.0,0.0,0.0,0.0,1.0,0.0,0.0,0.0,1.0,0.0,0.0,0.0,1.0,0.0,1.0,0.0,0.6953063319712655,2.1949287620221294,2.647481135399727,1.7806266882245982,0.9372477416751719,-0.751355313604686
0.0,0.0,0.0,0.0,1.0,0.0,0.0,1.0,0.0,0.0,0.0,1.0,0.0,0.0,0.0,0.0,0.0,1.0,0.0,1.0,0.6953063319712655,-1.3166147511403041,-0.654523102997609,-1.191553721400978,0.3098645350997164,-0.6623933693672811
0.0,0.0,0.0,0.0,0.0,1.0,0.0,0.0,0.0,1.0,0.0,1.0,0.0,0.0,0.0,0.0,0.0,1.0,1.0,0.0,0.6953063319712655,-0.4387288728496957,-0.654523102997609,-0.5971176394758626,-0.618158146504053,0.6720357941937929
0.0,0.0,1.0,0.0,0.0,0.0,0.0,0.0,0.0,1.0,0.0,0.0,0.0,1.0,0.0,0.0,1.0,0.0,0.0,1.0,-1.4382150054130662,-0.4387288728496957,-0.654523102997609,0.5917545243743678,-1.626608117960913,1.6506171808052472
0.0,0.0,0.0,1.0,0.0,0.0,0.0,0.0,0.0,1.0,0.0,0.0,1.0,0.0,0.0,0.0,0.0,1.0,1.0,0.0,0.6953063319712655,1.317042883731521,2.647481135399727,1.7806266882245982,1.9849673757833064,1.1168455153808177
0.0,0.0,0.0,0.0,0.0,1.0,0.0,1.0,0.0,0.0,0.0,0.0,0.0,0.0,1.0,0.0,1.0,0.0,1.0,0.0,0.6953063319712655,-1.3166147511403041,-0.654523102997609,-1.191553721400978,0.07631073376732958,-0.3065455924176614
0.0,0.0,0.0,0.0,0.0,1.0,1.0,0.0,0.0,0.0,0.0,0.0,1.0,0.0,0.0,0.0,0.0,1.0,1.0,0.0,0.6953063319712655,-1.3166147511403041,0.005877744681858218,-0.0026815575507474062,0.23175314842862388,1.2058074596182224
0.0,0.0,0.0,1.0,0.0,0.0,1.0,0.0,0.0,0.0,0.0,0.0,1.0,0.0,0.0,0.0,1.0,0.0,1.0,0.0,-1.4382150054130662,2.1949287620221294,1.3266794400407924,0.5917545243743678,1.3918192597243464,0.31618801724417317
0.0,0.0,1.0,0.0,0.0,0.0,0.0,0.0,0.0,1.0,0.0,1.0,0.0,0.0,0.0,0.0,1.0,0.0,0.0,1.0,0.6953063319712655,0.43915700544091263,1.3266794400407924,0.5917545243743678,-0.8116619265042747,-1.4630508675039255
1.0,0.0,0.0,0.0,0.0,0.0,1.0,0.0,0.0,0.0,0.0,0.0,0.0,0.0,1.0,0.0,1.0,0.0,0.0,1.0,0.6953063319712655,2.1949287620221294,2.647481135399727,1.7806266882245982,0.12099256146349109,-0.4844694808924712
0.0,0.0,0.0,0.0,1.0,0.0,1.0,0.0,0.0,0.0,0.0,0.0,1.0,0.0,0.0,0.0,0.0,1.0,1.0,0.0,0.6953063319712655,2.1949287620221294,1.9870802877202598,1.1861906062994831,2.4744788244478455,1.5616552365678422
0.0,0.0,0.0,0.0,1.0,0.0,0.0,0.0,0.0,1.0,0.0,0.0,0.0,0.0,1.0,0.0,1.0,0.0,1.0,0.0,0.6953063319712655,0.43915700544091263,0.6662785923613255,1.1861906062994831,0.6836815161070395,0.7609977384311979
0.0,1.0,0.0,0.0,0.0,0.0,0.0,1.0,0.0,0.0,0.0,0.0,0.0,0.0,1.0,0.0,1.0,0.0,1.0,0.0,-1.4382150054130662,-1.3166147511403041,-0.654523102997609,-0.0026815575507474062,0.7224728944055099,-0.6623933693672811
0.0,0.0,0.0,0.0,1.0,0.0,0.0,1.0,0.0,0.0,0.0,0.0,0.0,0.0,0.0,1.0,1.0,0.0,0.0,1.0,-1.4382150054130662,-1.3166147511403041,-0.654523102997609,-1.191553721400978,0.4771633671384147,-0.6623933693672811
0.0,0.0,0.0,1.0,0.0,0.0,0.0,0.0,0.0,1.0,0.0,0.0,1.0,0.0,0.0,0.0,1.0,0.0,0.0,1.0,-1.4382150054130662,2.1949287620221294,1.9870802877202598,1.1861906062994831,0.8214777554359343,1.0278835711434127
0.0,0.0,0.0,0.0,0.0,1.0,1.0,0.0,0.0,0.0,0.0,0.0,1.0,0.0,0.0,0.0,1.0,0.0,0.0,1.0,-1.4382150054130662,2.1949287620221294,1.3266794400407924,0.5917545243743678,1.5095779019568216,2.1843888462296768
0.0,0.0,0.0,0.0,0.0,1.0,0.0,0.0,0.0,1.0,0.0,0.0,0.0,0.0,1.0,0.0,1.0,0.0,1.0,0.0,0.6953063319712655,-0.4387288728496957,-0.654523102997609,-0.0026815575507474062,0.5874456697507435,0.4051499614815781
1.0,0.0,0.0,0.0,0.0,0.0,0.0,0.0,1.0,0.0,0.0,0.0,0.0,0.0,0.0,1.0,1.0,0.0,0.0,1.0,-1.4382150054130662,0.43915700544091263,-0.654523102997609,1.1861906062994831,-1.4857156167691294,1.2947694038556274
